frame,x,y,photons,sx,sy,bg,lpx,lpy,net_gradient,likelihood,iterations
0,14.999618,265.9999,1.3767548,1.1940274,1.1940274,0.01,1.3841462,1.384146,2.8081596,-1.5286646,1
0,15.999691,78.00015,1.0304642,1.1056858,1.1056858,0.01,1.472885,1.472885,2.4688256,-1.2320848,1
0,16.999554,144.99974,1.6702118,1.2065271,1.2065271,0.01,1.2537197,1.2537191,2.3781428,-1.7948534,1
0,16.999836,156.0003,1.0891953,1.1244719,1.1244719,0.01,1.4582963,1.4582963,2.6808739,-1.2828736,1
0,16.999857,210.99992,1.0,1.0218093,1.0218093,0.01,1.3463335,1.3463334,2.652834,-1.221369,1
0,16.999872,23.99999,1.0,1.1428858,1.1428858,0.01,1.5755872,1.5755869,2.3751142,-1.1934042,1
0,16.999893,91.00003,1.0,1.1380781,1.1380781,0.01,1.5656828,1.5656828,2.0308795,-1.1947006,1
0,16.999899,179.00008,1.0,1.0575234,1.0575234,0.01,1.4097753,1.4097754,2.482993,-1.2141706,1
0,17.00006,112.00003,1.0,1.1043055,1.1043055,0.01,1.4980556,1.4980556,2.4175959,-1.2033914,1
0,17.000282,256.0002,1.1760864,1.1440117,1.1440117,0.01,1.426804,1.426804,2.6232476,-1.3591653,1
0,17.999594,276.99994,1.4468002,1.2312993,1.2312993,0.01,1.4110575,1.4110577,2.8127904,-1.5769387,1
0,17.999847,321.99966,1.2303925,1.1780783,1.1780783,0.01,1.4512589,1.451259,2.6274188,-1.3985537,1
0,17.999882,68.9998,1.0,1.1569147,1.1569147,0.01,1.6048936,1.6048934,2.7119858,-1.1895396,1
0,17.99997,134.99994,1.0,1.1102372,1.1102372,0.01,1.5096904,1.5096904,2.6425521,-1.2019187,1
0,17.99998,46.000225,1.0,1.1448852,1.1448852,0.01,1.5797269,1.5797268,1.8981798,-1.1928607,1
0,18.000015,286.99976,1.0,1.0887988,1.0887988,0.01,1.4681171,1.468117,2.5251496,-1.2071302,1
0,18.000092,101.99968,1.028862,1.1860622,1.1860622,0.01,1.6382623,1.6382622,2.4048223,-1.2080088,1
0,18.000118,333.00015,1.0,1.1511631,1.1511631,0.01,1.5928053,1.5928047,2.625457,-1.1911385,1
0,18.000208,56.000202,1.0,1.1748098,1.1748098,0.01,1.6431665,1.6431664,1.9009548,-1.1844379,1
0,18.99994,299.00012,1.0,1.0988547,1.0988547,0.01,1.4874538,1.4874538,2.4453201,-1.2047241,1
0,18.99997,199.99997,1.0,1.1547322,1.1547322,0.01,1.6002942,1.6002942,1.8523415,-1.1901486,1
0,19.000074,220.99982,1.0,1.078351,1.078351,0.01,1.4483285,1.4483287,2.8568094,-1.2095573,1
0,19.00008,311.99988,1.0,1.0172092,1.0172092,0.01,1.3383969,1.3383969,2.4140081,-1.22223,1
0,19.00011,246.00026,1.0,1.0752952,1.0752952,0.01,1.442598,1.4425979,2.6709032,-1.210253,1
0,19.000113,123.99993,1.0,0.9838115,0.9838115,0.01,1.2823066,1.2823071,2.2632277,-1.2280235,1
0,19.000143,36.999905,1.0,1.0676762,1.0676762,0.01,1.4284217,1.4284219,2.6345623,-1.2119595,1
0,19.000263,164.99976,1.3729858,1.1614963,1.1614963,0.01,1.3284895,1.3284899,2.634368,-1.538206,1
0,19.000393,190.00009,1.1906662,1.1413388,1.1413388,0.01,1.41111,1.4111099,2.781281,-1.373778,1
0,20.00004,342.99994,1.0,1.0949135,1.0949135,0.01,1.4798409,1.4798411,3.014571,-1.2056752,1
0,20.00007,233.99986,1.0,1.1029481,1.1029481,0.01,1.4954073,1.4954073,2.7504148,-1.2037251,1
0,28.00008,68.99994,1.0,1.1411506,1.1411506,0.01,1.5720041,1.5720042,2.5118704,-1.1938738,1
0,28.000122,167.00018,1.0,1.151044,1.151044,0.01,1.5925555,1.5925556,2.2552752,-1.1911714,1
0,28.999289,188.99951,3.0989075,1.2227792,1.2227792,0.01,0.89895976,0.89895964,4.6535325,-3.1005893,1
0,28.999802,100.000084,1.0265579,1.1639024,1.1639024,0.01,1.5933369,1.5933373,2.7787144,-1.2124699,1
0,28.999805,88.99986,1.0,1.0438561,1.0438561,0.01,1.3851075,1.3851073,2.6659796,-1.2170324,1
0,28.999863,333.00015,1.0,1.1651361,1.1651361,0.01,1.6223518,1.6223522,2.673576,-1.1872193,1
0,28.99988,211.00023,1.0,1.1297902,1.1297902,0.01,1.5487727,1.5487727,2.6345901,-1.1969013,1
0,28.99988,224.99985,1.6817703,1.2262759,1.2262759,0.01,1.2815346,1.2815343,2.7713084,-1.795142,1
0,28.9999,146.0003,1.1090088,1.1242002,1.1242002,0.01,1.4415995,1.4415992,2.5718024,-1.3017408,1
0,28.99995,301.00006,1.0,1.0285492,1.0285492,0.01,1.358056,1.3580564,2.698371,-1.2200801,1
0,29.00005,344.00027,1.0804901,1.1644706,1.1644706,0.01,1.5444299,1.5444298,2.6885467,-1.2628607,1
0,29.000124,278.0001,1.0,1.0882245,1.0882245,0.01,1.4670217,1.4670216,2.985371,-1.2072655,1
0,29.000261,134.00002,1.0,1.0796025,1.0796025,0.01,1.450683,1.4506829,2.5578547,-1.2092705,1
0,29.999886,34.999683,1.1840134,1.2146987,1.2146987,0.01,1.5593868,1.559387,2.1791463,-1.3421456,1
0,29.999897,199.99986,1.0,0.9927951,0.9927951,0.01,1.2971364,1.2971363,2.6033666,-1.2265441,1
0,29.999935,266.99982,1.0,1.1485028,1.1485028,0.01,1.5872486,1.5872483,2.5724185,-1.1918713,1
0,30.000006,252.99968,1.0288696,1.1011919,1.1011919,0.01,1.4657038,1.4657037,2.6336157,-1.2317013,1
0,30.999605,287.99976,1.6109085,1.2503009,1.2503009,0.01,1.3570172,1.3570179,2.551711,-1.7174901,1
0,30.99978,179.0004,1.5918198,1.2246472,1.2246472,0.01,1.3211125,1.3211123,2.3969855,-1.7133232,1
0,30.999832,244.00006,1.0,1.1117134,1.1117134,0.01,1.5126017,1.5126015,2.5312073,-1.2015487,1
0,30.999847,311.00034,1.2485962,1.2121336,1.2121336,0.01,1.5042931,1.5042928,2.7566128,-1.4027157,1
0,30.999952,80.00019,1.0,1.1269205,1.1269205,0.01,1.5429658,1.5429662,2.8150792,-1.1976532,1
0,30.999964,21.999836,1.0,1.1162097,1.1162097,0.01,1.5215087,1.5215088,2.5313299,-1.2004125,1
0,31.00007,322.0001,1.0,1.0583111,1.0583111,0.01,1.4112122,1.4112124,2.7218208,-1.2140015,1
0,31.000341,47.000347,1.6355209,1.1499971,1.1499971,0.01,1.1787575,1.1787575,3.0353034,-1.789778,1
0,32.000206,56.999905,1.0,1.1757178,1.1757178,0.01,1.6451352,1.6451356,2.4705307,-1.184174,1
0,35.999634,122.999626,1.8736954,1.1751794,1.1751794,0.01,1.1246679,1.1246678,5.0396023,-2.0006506,1
0,38.99961,233.99997,1.0857849,1.1394775,1.1394775,0.01,1.4900824,1.4900825,2.073877,-1.2753335,1
0,38.999805,224.0002,1.0,1.1569235,1.1569235,0.01,1.6049124,1.604912,2.609603,-1.189537,1
0,38.999874,108.9998,1.2637482,1.2159404,1.2159404,0.01,1.5007751,1.5007746,2.3476093,-1.4152032,1
0,39.999912,189.99979,1.0,1.1206594,1.1206594,0.01,1.5303817,1.5303814,2.56442,-1.1992753,1
0,39.99992,21.999828,1.0,1.1439164,1.1439164,0.01,1.5777192,1.5777194,2.1099186,-1.1931244,1
0,39.999954,332.0001,1.0,1.0891458,1.0891458,0.01,1.4687797,1.4687797,2.5889013,-1.2070483,1
0,39.99998,297.9996,1.1334534,1.1343324,1.1343324,0.01,1.44126,1.4412594,2.6163037,-1.3219075,1
0,40.000042,44.999844,1.0,1.1781003,1.1781003,0.01,1.6503145,1.6503142,3.120478,-1.1834793,1
0,40.000057,147.00012,1.0,1.0909907,1.0909907,0.01,1.4723076,1.4723073,3.0240815,-1.2066115,1
0,40.00011,136.00017,1.0,1.1036687,1.1036687,0.01,1.4968126,1.4968126,2.3875637,-1.2035482,1
0,40.00021,57.999817,1.0017014,1.1301448,1.1301448,0.01,1.5478431,1.547843,2.6012285,-1.198419,1
0,40.000313,99.00002,1.1085815,1.071183,1.071183,0.01,1.3459865,1.3459861,2.9402812,-1.3155453,1
0,40.99966,321.99994,1.0676422,1.2354354,1.2354354,0.01,1.7089707,1.7089705,2.3254428,-1.2277713,1
0,40.99975,209.00008,1.0,1.1462729,1.1462729,0.01,1.5826073,1.5826073,1.858981,-1.1924821,1
0,40.999775,90.00016,1.0,1.0980642,1.0980642,0.01,1.4859234,1.4859233,2.2150154,-1.2049156,1
0,40.999817,290.00015,1.0,1.1209955,1.1209955,0.01,1.5310544,1.5310544,2.5757122,-1.1991888,1
0,40.99989,168.00027,1.1455612,1.1505704,1.1505704,0.01,1.462594,1.4625942,2.64577,-1.3283193,1
0,40.9999,239.99998,1.0,1.0843546,1.0843546,0.01,1.4596623,1.4596626,2.1434233,-1.2081717,1
0,40.999966,265.99982,1.0,1.1253682,1.1253682,0.01,1.5398352,1.5398353,2.445538,-1.1980577,1
0,41.000126,275.9998,1.0298691,1.1474085,1.1474085,0.01,1.5560384,1.5560383,2.2799368,-1.2203133,1
0,41.000267,177.0002,1.0810928,1.1637025,1.1637025,0.01,1.542337,1.542337,2.7585998,-1.2636616,1
0,41.000427,203.0,1.2976913,1.2104673,1.2104673,0.01,1.4660901,1.4660901,2.1158237,-1.4487122,1
0,41.99992,67.99975,1.0,1.0873498,1.0873498,0.01,1.4653542,1.4653544,3.1136692,-1.2074713,1
0,41.999935,257.00018,1.0,1.1114676,1.1114676,0.01,1.5121164,1.5121166,2.4691358,-1.2016104,1
0,42.00005,155.99965,1.1878738,1.1594989,1.1594989,0.01,1.4471487,1.447149,2.8905082,-1.3651932,1
0,42.00015,76.999985,1.0,1.0184894,1.0184894,0.01,1.3406003,1.3406003,2.4326844,-1.2219919,1
0,42.000164,36.00015,1.0,1.1295532,1.1295532,0.01,1.5482923,1.5482924,2.48592,-1.1969637,1
0,42.00025,310.00006,1.0,1.060709,1.060709,0.01,1.4155961,1.415596,2.715343,-1.2134845,1
0,43.00004,345.00012,1.0,1.1434388,1.1434388,0.01,1.5767312,1.576731,2.7625458,-1.1932541,1
0,48.99995,321.9998,1.0543518,1.1211423,1.1211423,0.01,1.4815826,1.4815829,2.6157906,-1.2507391,1
0,49.99992,233.00034,1.0312805,1.1649606,1.1649606,0.01,1.5909846,1.5909851,2.54024,-1.2165874,1
0,50.9994,341.9999,1.593956,1.1666611,1.1666611,0.01,1.2232151,1.2232147,2.9232974,-1.7431931,1
0,50.999737,299.00015,1.0,1.0905361,1.0905361,0.01,1.4714375,1.4714373,2.5127332,-1.2067194,1
0,50.999866,56.99979,1.0422974,1.148261,1.148261,0.01,1.5461577,1.546158,2.6686523,-1.2317792,1
0,50.999874,309.00006,1.0,1.1884793,1.1884793,0.01,1.6730884,1.6730877,2.8220313,-1.1804153,1
0,50.99994,101.0,1.0,1.0998747,1.0998747,0.01,1.4894311,1.489431,2.3670127,-1.2044762,1
0,51.00004,48.00013,1.0,1.1459802,1.1459802,0.01,1.5819992,1.5819992,2.3558676,-1.1925621,1
0,51.000275,256.00018,1.3833771,1.2392285,1.2392285,0.01,1.4649751,1.4649751,2.6618042,-1.5152297,1
0,51.000298,144.99995,1.0620651,1.1975491,1.1975491,0.01,1.6306281,1.6306281,2.0254514,-1.2352655,1
0,51.000343,139.99992,1.0,1.1150233,1.1150233,0.01,1.5191526,1.5191529,1.6815073,-1.2007136,1
0,51.999832,153.99991,1.0,1.1239376,1.1239376,0.01,1.536956,1.5369563,2.993307,-1.1984291,1
0,51.999836,24.99977,1.3277664,1.2227503,1.2227503,0.01,1.4694612,1.469461,2.5374255,-1.4713835,1
0,51.999863,330.99997,1.0,1.1541921,1.1541921,0.01,1.5991584,1.5991584,2.636694,-1.1902989,1
0,52.000008,264.9998,1.0,1.0387456,1.0387456,0.01,1.3760089,1.3760096,2.9282951,-1.2180686,1
0,52.000126,88.99998,1.0,1.0486357,1.0486357,0.01,1.3936783,1.3936783,2.528757,-1.2160467,1
0,52.000153,220.99988,1.0,1.0321563,1.0321563,0.01,1.364377,1.3643771,2.631845,-1.219377,1
0,52.000214,112.00009,1.0,1.1616203,1.1616203,0.01,1.6148598,1.6148598,2.4733503,-1.1882164,1
0,52.00026,191.00027,1.2565842,1.1927491,1.1927491,0.01,1.4606189,1.460619,2.4825156,-1.4175391,1
0,52.000298,66.99975,1.7332458,1.2439369,1.2439369,0.01,1.2886529,1.2886529,3.3242612,-1.8325589,1
0,52.999783,163.99983,1.0,1.1793821,1.1793821,0.01,1.653108,1.6531079,2.314164,-1.1831043,1
0,52.99992,78.000175,1.0,1.2134395,1.2134395,0.01,1.729292,1.7292923,1.8482984,-1.1728028,1
0,53.000057,209.99994,1.0,1.0754014,1.0754014,0.01,1.4427966,1.4427968,2.7293365,-1.2102289,1
0,53.0002,276.9998,1.2398453,1.1454141,1.1454141,0.01,1.3839353,1.3839356,2.61464,-1.4188228,1
0,53.0003,200.99976,1.4383621,1.136684,1.136684,0.01,1.2506279,1.2506276,3.0204356,-1.6093584,1
0,53.000324,122.99987,1.3396912,1.2289301,1.2289301,0.01,1.4734988,1.4734991,2.6214817,-1.4797195,1
0,53.00037,178.99997,1.0845261,1.1603525,1.1603525,0.01,1.5325404,1.5325406,2.4156816,-1.2679082,1
0,53.99994,288.0002,1.0961304,1.069692,1.069692,0.01,1.3527949,1.3527948,3.6142287,-1.3039423,1
0,53.99996,240.99974,1.0499802,1.1366291,1.1366291,0.01,1.5158075,1.5158073,2.5502155,-1.2423242,1
0,54.00036,34.000008,1.0765305,1.1365138,1.1365138,0.01,1.4922205,1.4922203,2.9692733,-1.2674497,1
0,60.999935,245.99979,1.0599518,1.1399167,1.1399167,0.01,1.5134145,1.5134147,2.5262566,-1.2508134,1
0,61.00012,330.99976,1.1017456,1.1765921,1.1765921,0.01,1.5503916,1.5503914,2.783821,-1.2789416,1
0,61.999737,23.99981,1.2672043,1.1842678,1.1842678,0.01,1.4370072,1.4370072,2.5495167,-1.4306111,1
0,61.999798,253.9998,1.2043076,1.2146652,1.2146652,0.01,1.5431087,1.5431088,2.2872126,-1.3608778,1
0,61.999897,263.99994,1.0,1.0521685,1.0521685,0.01,1.4000517,1.400052,2.6780746,-1.2153076,1
0,61.999897,319.99976,1.0681,1.1368679,1.1368679,0.01,1.5002224,1.5002224,2.4161832,-1.2593808,1
0,61.9999,143.99991,1.0,1.1314098,1.1314098,0.01,1.5520613,1.5520611,2.7340207,-1.1964748,1
0,61.999924,155.99988,1.0,1.1083646,1.1083646,0.01,1.5060058,1.5060064,2.43844,-1.2023863,1
0,61.99996,213.99986,1.0,1.1287682,1.1287682,0.01,1.546702,1.5467023,1.366117,-1.1971698,1
0,62.00002,166.00006,1.0,1.026025,1.026025,0.01,1.3536525,1.3536524,2.8042643,-1.2205666,1
0,62.000214,90.0,1.0,1.1715754,1.1715754,0.01,1.6361742,1.6361742,2.8123498,-1.1853739,1
0,62.00025,343.00006,1.0,1.1794416,1.1794416,0.01,1.6532378,1.653238,2.2191179,-1.1830868,1
0,62.000347,134.00002,1.1987,1.2438256,1.2438256,0.01,1.6084726,1.6084721,2.5519886,-1.3445295,1
0,62.999687,32.999893,1.2739334,1.1718802,1.1718802,0.01,1.4092522,1.4092519,2.6509297,-1.441492,1
0,62.999767,78.00016,1.0180435,1.0712365,1.0712365,0.01,1.4191043,1.4191043,2.4817393,-1.2285099,1
0,62.999775,232.99997,1.0,1.1452366,1.1452366,0.01,1.580456,1.5804561,2.8672118,-1.192765,1
0,62.999783,101.999954,1.0,1.1814986,1.1814986,0.01,1.6577328,1.6577328,2.4511323,-1.1824828,1
0,62.99991,276.0002,1.0,1.1422701,1.1422701,0.01,1.5743148,1.5743147,2.3537588,-1.193571,1
0,62.999916,113.000046,1.0,1.0774395,1.0774395,0.01,1.4466164,1.4466168,1.9552337,-1.2097654,1
0,63.000233,66.99981,1.2440948,1.214115,1.214115,0.01,1.5115701,1.51157,2.6927068,-1.3977921,1
0,63.000282,45.99967,1.486824,1.1654278,1.1654278,0.01,1.2729354,1.2729355,3.0061088,-1.6433566,1
0,63.000317,201.00009,1.2258072,1.1576313,1.1576313,0.01,1.4160632,1.4160633,2.6006358,-1.4014484,1
0,63.99976,189.00009,1.0521164,1.1431733,1.1431733,0.01,1.5269246,1.5269246,2.8437142,-1.242489,1
0,64.00016,121.999916,1.0,0.9466897,0.9466897,0.01,1.22293,1.2229301,2.644364,-1.2335254,1
0,64.0003,309.9999,1.2475967,1.218533,1.218533,0.01,1.5178094,1.5178093,2.292526,-1.3992966,1
0,64.00037,57.999924,1.1677704,1.1956965,1.1956965,0.01,1.5337325,1.5337325,2.3778954,-1.3339818,1
0,64.000435,285.9998,1.4402618,1.1835276,1.1835276,0.01,1.3285972,1.3285968,2.7276585,-1.5921581,1
0,64.999954,220.00034,1.2636414,1.2334596,1.2334596,0.01,1.5360353,1.5360351,1.7695545,-1.4080766,1
0,65.00008,298.00012,1.0,1.0549425,1.0549425,0.01,1.4050792,1.4050792,2.655152,-1.2147211,1
0,65.00043,179.00027,1.5410156,1.2188119,1.2188119,0.01,1.3365434,1.3365436,2.5625799,-1.6694615,1
0,68.000145,112.99995,1.0,1.1085805,1.1085805,0.01,1.5064304,1.5064305,2.1829987,-1.2023324,1
0,69.00008,218.00024,1.4721069,1.2415737,1.2415737,0.01,1.4155438,1.4155433,1.8079686,-1.5952586,1
0,71.99959,197.99988,1.3534698,1.153556,1.153556,0.01,1.3261797,1.3261797,3.0640516,-1.5229056,1
0,71.99962,90.99984,1.3019333,1.1490997,1.1490997,0.01,1.349853,1.349853,2.5414314,-1.47604,1
0,71.99979,325.99973,1.2333145,1.1779283,1.1779283,0.01,1.4488689,1.4488692,2.517547,-1.4013356,1
0,71.99994,292.99985,1.0,1.0964687,1.0964687,0.01,1.4828395,1.4828397,2.732412,-1.2053012,1
0,71.999954,247.99997,1.0,1.1453844,1.1453844,0.01,1.5807627,1.5807626,2.2089992,-1.1927247,1
0,72.000015,228.99985,1.0,1.206508,1.206508,0.01,1.7134786,1.7134786,2.9671519,-1.1749505,1
0,72.0001,47.999844,1.0,1.1259061,1.1259061,0.01,1.5409194,1.5409197,2.7878265,-1.1979177,1
0,72.999756,70.999756,1.685379,1.0988606,1.0988606,0.01,1.0836817,1.0836818,3.500233,-1.8590695,1
0,73.00011,102.00028,1.0900726,1.1188651,1.1188651,0.01,1.4469427,1.4469429,3.1047502,-1.2852806,1
0,73.00017,303.99988,1.0,1.1652026,1.1652026,0.01,1.622494,1.6224936,2.7669983,-1.1872003,1
0,73.00026,36.00019,1.3620987,1.2138385,1.2138385,0.01,1.4299749,1.4299747,2.6567473,-1.506779,1
0,73.00039,240.00005,1.1087341,1.2042242,1.2042242,0.01,1.6016569,1.6016567,2.151568,-1.2763026,1
0,73.99955,153.99997,1.6086273,1.2061069,1.2061069,0.01,1.2812121,1.2812121,2.7644064,-1.7380993,1
0,73.99959,144.99976,1.554512,1.202549,1.202549,0.01,1.3014352,1.3014351,2.6170537,-1.6897358,1
0,73.99972,208.99974,1.3381805,1.2133143,1.2133143,0.01,1.444401,1.4444013,2.1876636,-1.4849288,1
0,74.00003,22.99997,1.0,1.1435306,1.1435306,0.01,1.5769209,1.5769209,2.9902442,-1.1932292,1
0,74.00026,178.0003,1.3050919,1.1422824,1.1422824,0.01,1.3359178,1.3359178,2.506137,-1.4814425,1
0,74.999794,314.9997,2.0479126,1.1930132,1.1930132,0.01,1.0933218,1.0933218,4.1635013,-2.1526294,1
0,74.99983,120.99996,1.0,1.1363866,1.1363866,0.01,1.5622146,1.5622149,2.2967665,-1.1951532,1
0,74.999916,167.00027,1.0,1.1981237,1.1981237,0.01,1.6945624,1.6945623,2.2814867,-1.1775141,1
0,74.99993,260.00006,1.0,1.121797,1.121797,0.01,1.5326594,1.5326592,2.6545978,-1.1989824,1
0,74.99994,57.999893,1.0,1.2038572,1.2038572,0.01,1.7074726,1.7074724,2.348556,-1.1757652,1
0,75.00001,282.0001,1.0,1.0645175,1.0645175,0.01,1.4225906,1.4225909,2.66422,-1.2126551,1
0,75.00024,340.0,1.0,1.1118573,1.1118573,0.01,1.5128859,1.512886,2.7817116,-1.2015126,1
0,75.00025,273.0002,1.4090424,1.209478,1.209478,0.01,1.3929842,1.3929843,2.7680466,-1.5520022,1
0,75.000374,187.99992,1.2715378,1.1877322,1.1877322,0.01,1.4405699,1.4405698,2.8305469,-1.4333413,1
0,76.00029,135.00034,1.4962616,1.2413205,1.2413205,0.01,1.401335,1.401335,2.2882264,-1.6174554,1
0,79.99978,66.00025,1.0,1.0851183,1.0851183,0.01,1.4611113,1.4611112,2.0596907,-1.2079937,1
0,79.99993,31.000189,1.0,1.1762745,1.1762745,0.01,1.646344,1.6463438,2.4483166,-1.1840119,1
0,80.999855,99.00003,1.0,1.2272273,1.2272273,0.01,1.7612271,1.7612273,2.6842732,-1.1684562,1
0,81.99982,163.9999,1.0606079,1.2216632,1.2216632,0.01,1.6849626,1.6849623,2.5262873,-1.2259947,1
0,81.99986,108.00026,1.1484528,1.1831627,1.1831627,0.01,1.5242022,1.5242025,2.7050092,-1.3203493,1
0,82.00009,119.0002,1.0647964,1.2083519,1.2083519,0.01,1.6514448,1.6514446,2.0723448,-1.2342783,1
0,82.000114,198.00002,1.0,1.1443803,1.1443803,0.01,1.5786804,1.5786804,2.725836,-1.1929982,1
0,82.99959,186.99995,1.4623032,1.220004,1.220004,0.01,1.3812964,1.3812964,2.6928635,-1.5964091,1
0,82.99971,208.99992,1.2733078,1.2173954,1.2173954,0.01,1.4967631,1.496763,2.6976962,-1.4234368,1
0,82.99978,273.99957,1.6869965,1.1903973,1.1903973,0.01,1.220198,1.220198,2.3892188,-1.818641,1
0,82.99989,51.999996,1.0,1.0893102,1.0893102,0.01,1.4690936,1.4690936,2.663704,-1.2070094,1
0,83.000145,284.0001,1.0,1.140056,1.140056,0.01,1.5697489,1.5697488,2.1706126,-1.194169,1
0,83.999916,263.99997,1.0,1.1560962,1.1560962,0.01,1.6031668,1.6031669,2.0616019,-1.1897683,1
0,84.00002,173.00017,1.0,1.1290588,1.1290588,0.01,1.5472907,1.5472903,2.634656,-1.1970935,1
0,84.00007,153.99982,1.0,1.17998,1.17998,0.01,1.654413,1.6544126,2.6887655,-1.1829289,1
0,84.00012,22.000042,1.0,1.1804672,1.1804672,0.01,1.6554774,1.6554773,2.387845,-1.182786,1
0,84.00012,220.00002,1.0,1.0798813,1.0798813,0.01,1.451208,1.451208,2.808647,-1.2092065,1
0,84.00014,42.000103,1.0,1.1056296,1.1056296,0.01,1.5006438,1.5006441,2.296564,-1.2030647,1
0,84.00014,85.99975,1.0836029,1.1486471,1.1486471,0.01,1.509975,1.5099752,2.7135766,-1.2705716,1
0,84.00018,141.99974,1.0734711,1.097109,1.097109,0.01,1.419974,1.419974,2.5692272,-1.2753223,1
0,84.00018,304.00012,1.0,1.2009474,1.2009474,0.01,1.7009068,1.7009072,2.7532666,-1.1766549,1
0,84.00025,231.00006,1.0,1.1906328,1.1906328,0.01,1.6778563,1.6778566,2.3833823,-1.179772,1
0,85.00003,315.00024,1.0139236,1.0915765,1.0915765,0.01,1.4607555,1.4607552,3.2173905,-1.21979,1
0,85.00006,325.99997,1.0,1.0429049,1.0429049,0.01,1.383409,1.3834089,2.715196,-1.2172267,1
0,85.000084,239.0,1.0,1.0661469,1.0661469,0.01,1.4255952,1.4255953,2.2218807,-1.2122971,1
0,85.000244,292.9999,1.0,1.1602944,1.1602944,0.01,1.6120448,1.6120442,2.625668,-1.1885905,1
0,85.00034,249.99977,1.6145401,1.2336818,1.2336818,0.01,1.3257573,1.3257579,2.515099,-1.7295458,1
0,85.00042,338.99997,1.4089584,1.1430969,1.1430969,0.01,1.2768731,1.2768731,2.753573,-1.5791366,1
0,88.99985,74.0005,2.4101562,1.3098633,1.3098633,0.01,1.1619145,1.1619146,2.4682448,-2.3963473,1
0,92.99958,171.00023,1.3572922,1.2045164,1.2045164,0.01,1.4155278,1.4155282,2.2428102,-1.5062592,1
0,92.99981,188.00002,1.0,1.02315,1.02315,0.01,1.348656,1.348656,1.7502147,-1.2211152,1
0,92.99985,104.9999,1.0,1.1129568,1.1129568,0.01,1.515059,1.515059,2.695577,-1.2012358,1
0,92.999954,268.99994,1.0,1.1292865,1.1292865,0.01,1.5477519,1.5477518,2.2856433,-1.1970336,1
0,93.0,141.00002,1.0,1.1471798,1.1471798,0.01,1.5844929,1.5844929,2.6588628,-1.192234,1
0,93.00003,159.99994,1.0,1.0932592,1.0932592,0.01,1.4766587,1.4766589,1.9743385,-1.2060714,1
0,93.999725,251.00029,1.4442215,1.1963818,1.1963818,0.01,1.3490055,1.349006,2.4752028,-1.5902979,1
0,93.99984,82.99991,1.1530533,1.1777589,1.1777589,0.01,1.50967,1.5096701,2.5784407,-1.3264663,1
0,93.999886,235.99992,1.0,1.0286181,1.0286181,0.01,1.3581765,1.3581765,2.57193,-1.2200668,1
0,93.99989,213.99994,1.0,1.1723523,1.1723523,0.01,1.6378505,1.6378508,1.6778991,-1.1851496,1
0,93.9999,326.0,1.0,1.0741827,1.0741827,0.01,1.440518,1.4405184,3.0445251,-1.2105047,1
0,93.99994,149.00002,1.0,0.82858723,0.82858723,0.01,1.051034,1.0510343,2.4105585,-1.2449038,1
0,94.0,337.99985,1.0,1.0425783,1.0425783,0.01,1.3828261,1.3828261,2.645092,-1.2172933,1
0,94.0002,17.000074,1.0,1.0740569,1.0740569,0.01,1.4402831,1.4402831,2.722135,-1.2105331,1
0,94.00029,60.99969,1.4642639,1.1874715,1.1874715,0.01,1.3223163,1.3223163,2.6170182,-1.6128131,1
0,94.00037,226.00014,1.3352356,1.2075443,1.2075443,0.01,1.4353641,1.4353642,2.3749464,-1.4846003,1
0,94.99973,94.999695,1.5354233,1.2232267,1.2232267,0.01,1.3472682,1.3472686,2.5988426,-1.6621709,1
0,94.99976,293.0002,1.085495,1.0798333,1.0798333,0.01,1.3789512,1.3789507,2.4091835,-1.2912258,1
0,94.99979,206.00014,1.1272964,1.2027143,1.2027143,0.01,1.5821015,1.5821016,2.6056547,-1.2940063,1
0,94.99995,260.99954,1.4002533,1.1977414,1.1977414,0.01,1.3767964,1.3767964,2.4020033,-1.548917,1
0,95.00008,125.9999,1.0,1.1940913,1.1940913,0.01,1.6855465,1.685547,2.5096078,-1.1787333,1
0,95.000145,283.99982,1.0,1.1486781,1.1486781,0.01,1.5876136,1.5876135,2.371655,-1.1918231,1
0,95.000206,306.00024,1.0,1.163148,1.163148,0.01,1.6181107,1.6181105,2.583723,-1.187784,1
0,95.00021,29.00031,1.3024597,1.1761246,1.1761246,0.01,1.3981608,1.3981609,2.4882307,-1.4665698,1
0,95.00028,41.999825,1.3365936,1.2225646,1.2225646,0.01,1.4632055,1.4632055,2.54924,-1.479582,1
0,95.00038,116.00006,1.2341766,1.1494515,1.1494515,0.01,1.3951623,1.3951621,2.6104767,-1.4121137,1
0,95.99975,316.00034,1.2424927,1.1396444,1.1396444,0.01,1.3717537,1.3717539,2.4400182,-1.4232608,1
0,95.999985,50.999664,1.2165756,1.0741098,1.0741098,0.01,1.2761714,1.2761716,3.141315,-1.4185466,1
0,101.999916,216.0001,1.0,1.1105745,1.1105745,0.01,1.5103548,1.5103549,2.5616045,-1.2018343,1
0,101.999954,107.00019,1.0,1.2038876,1.2038876,0.01,1.7075413,1.7075415,2.4772067,-1.1757557,1
0,102.00006,52.999924,1.0924072,1.1109432,1.1109432,0.01,1.4301832,1.4301832,2.1825328,-1.2896898,1
0,102.99978,194.00008,1.0,1.1371171,1.1371171,0.01,1.5637116,1.5637116,2.476819,-1.194958,1
0,103.999664,327.0,1.0802231,1.0521649,1.0521649,0.01,1.3345329,1.3345327,3.627697,-1.2927483,1
0,103.99976,304.00037,1.4448166,1.1883811,1.1883811,0.01,1.3345604,1.3345604,2.5077276,-1.5943218,1
0,103.9998,148.99994,1.0,1.1443104,1.1443104,0.01,1.5785356,1.5785353,2.6634557,-1.1930172,1
0,103.999855,182.0,1.0,1.0832374,1.0832374,0.01,1.4575458,1.4575456,2.5084672,-1.2084315,1
0,103.99992,38.00009,1.0,1.0982457,1.0982457,0.01,1.4862748,1.4862746,2.863316,-1.2048717,1
0,104.000084,314.99997,1.0,0.96981084,0.96981084,0.01,1.2595608,1.2595603,2.3592231,-1.2302139,1
0,104.99976,26.999897,1.0776367,1.2351294,1.2351294,0.01,1.6983758,1.6983759,1.9865108,-1.2370309,1
0,105.000275,205.00002,1.0,1.16035,1.16035,0.01,1.6121626,1.6121626,2.672171,-1.1885749,1
0,105.00032,295.0,1.1438293,1.1583246,1.1583246,0.01,1.4789184,1.4789184,2.6353495,-1.324221,1
0,105.99945,272.00064,2.4022903,1.0413959,1.0413959,0.01,0.8200124,0.82001245,3.4079318,-2.5742967,1
0,105.99982,72.00013,1.0567474,1.178138,1.178138,0.01,1.594367,1.5943673,2.5265183,-1.2364402,1
0,105.99984,161.99983,1.0,1.1079873,1.1079873,0.01,1.5052654,1.5052657,2.5852413,-1.2024801,1
0,105.99985,228.99997,1.0,1.0146605,1.0146605,0.01,1.3340223,1.3340222,2.894033,-1.2227004,1
0,105.999855,129.00017,1.0,1.1827412,1.1827412,0.01,1.6604546,1.6604548,2.2696261,-1.1821169,1
0,105.99988,249.9999,1.0,1.1847292,1.1847292,0.01,1.6648196,1.6648191,2.2414668,-1.1815294,1
0,105.9999,262.00003,1.0,0.9422162,0.9422162,0.01,1.2159716,1.2159714,2.7747812,-1.2341226,1
0,106.00002,83.99991,1.0,1.1495961,1.1495961,0.01,1.589529,1.5895294,1.4876218,-1.1915706,1
0,106.00006,336.99994,1.0,0.96639305,0.96639305,0.01,1.2540739,1.2540739,2.5368972,-1.2307272,1
0,106.00008,95.9999,1.236206,1.1513084,1.1513084,0.01,1.3971529,1.3971529,4.472973,-1.4133915,1
0,106.00014,19.99996,1.0,0.9435991,0.9435991,0.01,1.2181183,1.2181184,2.1463237,-1.2339395,1
0,106.00015,141.00014,1.0007019,1.153389,1.153389,0.01,1.5967679,1.5967683,2.369567,-1.1911823,1
0,106.0002,172.00002,1.0,1.1091785,1.1091785,0.01,1.5076064,1.5076063,2.5220268,-1.2021834,1
0,106.999916,61.99968,1.2393188,1.2093337,1.2093337,0.01,1.5055938,1.5055939,2.162507,-1.3952273,1
0,107.000015,283.00018,1.0,1.1595753,1.1595753,0.01,1.6105201,1.6105205,2.5480711,-1.1887931,1
0,108.99979,238.99986,1.0695419,1.1687095,1.1687095,0.01,1.5629319,1.5629323,2.5004487,-1.2513032,1
0,112.00004,61.999706,1.0,1.0698591,1.0698591,0.01,1.4324671,1.4324669,1.6908247,-1.2114747,1
0,112.00029,118.00009,1.0833206,1.1405197,1.1405197,0.01,1.494222,1.4942223,2.4317572,-1.2727023,1
0,112.99964,147.99992,1.2708206,1.2003416,1.2003416,0.01,1.4651973,1.4651971,2.7083387,-1.4278469,1
0,114.999855,194.00005,1.0,1.0565276,1.0565276,0.01,1.4079616,1.4079612,2.4580913,-1.2143835,1
0,114.999855,326.00003,1.0,1.1208637,1.1208637,0.01,1.5307903,1.5307901,2.3254821,-1.1992227,1
0,114.99989,170.99994,1.0,1.0070995,1.0070995,0.01,1.3211374,1.3211378,1.6335682,-1.2240684,1
0,114.99998,258.99985,1.0,1.0624024,1.0624024,0.01,1.4187013,1.4187013,2.112618,-1.213117,1
0,115.00004,50.999977,1.0,1.0253831,1.0253831,0.01,1.352535,1.3525348,1.3629899,-1.2206897,1
0,115.00004,292.9998,1.0,1.0969262,1.0969262,0.01,1.4837234,1.483723,2.3716075,-1.2051908,1
0,115.00014,17.999931,1.01577,1.1378204,1.1378204,0.01,1.5498937,1.5498939,2.684679,-1.2096686,1
0,115.999535,269.00006,1.2518082,1.1018364,1.1018364,0.01,1.299956,1.2999558,2.7066457,-1.4442219,1
0,115.99962,227.99997,1.2758026,1.1599805,1.1599805,0.01,1.3861943,1.3861942,3.0643697,-1.4475691,1
0,115.99974,314.99982,1.2272263,1.1904389,1.1904389,0.01,1.4773831,1.4773834,2.523138,-1.3911119,1
0,115.999756,138.00012,1.0,1.1180292,1.1180292,0.01,1.5251298,1.52513,2.6301599,-1.199949,1
0,115.99982,216.00003,1.0,1.1412313,1.1412313,0.01,1.5721709,1.5721707,2.3736534,-1.193852,1
0,115.99996,158.99979,1.0,1.1965216,1.1965216,0.01,1.6909739,1.690974,2.3803635,-1.1779996,1
0,116.000046,95.99973,1.0092316,1.1516502,1.1516502,0.01,1.5846702,1.5846702,2.5909693,-1.1996908,1
0,116.00012,105.00031,1.0,1.1109275,1.1109275,0.01,1.5110509,1.5110508,2.399853,-1.2017459,1
0,116.99995,38.999954,1.0,1.0398679,1.0398679,0.01,1.3780015,1.3780013,2.481975,-1.2178427,1
0,117.0,74.000015,1.0,0.9576823,0.9576823,0.01,1.2402039,1.240204,2.250255,-1.2319981,1
0,117.00007,237.99973,1.0,1.1261698,1.1261698,0.01,1.5414512,1.5414507,2.530026,-1.197849,1
0,117.00023,335.00043,1.8868942,1.295013,1.295013,0.01,1.3118585,1.311859,2.7574077,-1.9402292,1
0,117.99985,30.000034,1.0,1.098613,1.098613,0.01,1.4869856,1.4869858,2.7634263,-1.2047827,1
0,118.00001,126.99996,1.0,1.0404832,1.0404832,0.01,1.3790953,1.3790952,2.6102653,-1.2177184,1
0,118.00014,181.00003,1.0,1.1283334,1.1283334,0.01,1.5458221,1.5458221,2.4016228,-1.1972837,1
0,118.00017,84.999985,1.0,1.1132714,1.1132714,0.01,1.5156813,1.5156813,2.9269917,-1.2011565,1
0,119.00003,282.00018,1.0,1.1682954,1.1682954,0.01,1.6291168,1.6291169,2.5224245,-1.1863168,1
0,119.00006,250.0002,1.0206604,1.1821113,1.1821113,0.01,1.6379288,1.6379291,2.1907852,-1.2015642,1
0,119.00011,302.99997,1.0409851,1.202034,1.202034,0.01,1.660993,1.6609927,2.9508636,-1.2142887,1
0,120.99991,205.0005,2.0642471,1.1557487,1.1557487,0.01,1.0365402,1.0365404,5.252119,-2.1901143,1
0,124.99981,237.9998,1.1614075,1.1444854,1.1444854,0.01,1.4387589,1.4387589,2.5161734,-1.3451719,1
0,125.99973,116.00024,1.377449,1.1667955,1.1667955,0.01,1.3351238,1.3351237,2.6984959,-1.5403199,1
0,125.99979,315.9999,1.0275803,1.1285098,1.1285098,0.01,1.5200913,1.5200915,2.6616516,-1.2233626,1
0,125.99982,39.00028,1.3041916,1.0973607,1.0973607,0.01,1.2606474,1.2606469,2.809432,-1.4956149,1
0,125.99985,62.999855,1.0984039,1.138345,1.138345,0.01,1.4772545,1.4772545,2.7413123,-1.2875842,1
0,125.999855,156.00008,1.0,1.1384408,1.1384408,0.01,1.5664276,1.5664275,2.1004837,-1.1946033,1
0,125.99995,270.00015,1.0,1.1864592,1.1864592,0.01,1.6686282,1.6686282,2.5102777,-1.1810164,1
0,125.99996,192.99991,1.0,1.0946095,1.0946095,0.01,1.4792558,1.4792557,2.1308868,-1.2057482,1
0,125.99998,184.9997,1.0,1.1285754,1.1285754,0.01,1.5463119,1.546312,2.2225792,-1.1972203,1
0,126.00003,228.0002,1.0,1.1071376,1.1071376,0.01,1.503598,1.503598,2.4461503,-1.2026912,1
0,126.00007,248.00008,1.0,1.1023638,1.1023638,0.01,1.494269,1.4942691,2.1050427,-1.2038684,1
0,126.9999,83.0003,1.2090073,1.2003807,1.2003807,0.01,1.5106573,1.5106573,2.6562834,-1.3705415,1
0,127.00009,15.999876,1.0,1.1927894,1.1927894,0.01,1.6826473,1.6826473,2.2514687,-1.1791251,1
0,127.00029,52.99975,1.6674957,1.1666472,1.1666472,0.01,1.19096,1.1909599,3.0000591,-1.8120906,1
0,127.00036,337.00012,1.2460022,1.1771214,1.1771214,0.01,1.4383063,1.4383062,2.5577936,-1.4134734,1
0,127.99955,283.00037,2.4555283,1.2674035,1.2674035,0.01,1.0867763,1.0867761,4.377023,-2.472892,1
0,127.99977,125.99982,1.1199188,1.1169641,1.1169641,0.01,1.4194461,1.4194465,2.715619,-1.31417,1
0,127.99983,136.99988,1.0,1.1564133,1.1564133,0.01,1.6038356,1.6038352,2.509583,-1.1896797,1
0,127.999855,260.99985,1.0,1.1628304,1.1628304,0.01,1.617434,1.617434,2.3103802,-1.1878741,1
0,127.99991,305.00006,1.0,0.9987219,0.9987219,0.01,1.307022,1.3070221,3.2295322,-1.2255362,1
0,127.99997,174.00008,1.0,1.1201589,1.1201589,0.01,1.5293808,1.5293809,2.6013596,-1.1994038,1
0,127.99998,29.999805,1.0,1.1679564,1.1679564,0.01,1.6283896,1.6283895,2.060062,-1.186414,1
0,127.99998,213.99985,1.0,1.1607524,1.1607524,0.01,1.6130165,1.6130165,2.6198232,-1.1884614,1
0,127.999985,107.00012,1.0,1.1710274,1.1710274,0.01,1.6349928,1.6349932,1.996637,-1.1855319,1
0,128.00017,92.99969,1.3820038,1.2140137,1.2140137,0.01,1.4178169,1.4178169,2.53373,-1.5250695,1
0,128.00021,149.00009,1.0,1.1550571,1.1550571,0.01,1.600978,1.6009781,1.9701638,-1.1900581,1
0,128.99995,294.99997,1.0,1.0568398,1.0568398,0.01,1.4085298,1.4085298,3.1065536,-1.2143168,1
0,129.99968,324.00024,1.4639435,1.2395782,1.2395782,0.01,1.4165305,1.4165306,2.6766245,-1.5887489,1
0,131.00032,73.00004,1.1688919,1.1916575,1.1916575,0.01,1.5246842,1.5246841,2.1840491,-1.336444,1
0,136.99965,207.00017,1.140892,1.1687269,1.1687269,0.01,1.5016384,1.5016384,2.4356372,-1.3180953,1
0,136.99968,171.99982,1.0669556,1.1393338,1.1393338,0.01,1.5060775,1.5060776,2.6775923,-1.2575938,1
0,137.00015,19.000051,1.0,0.99977976,0.99977976,0.01,1.3087953,1.3087955,2.3412817,-1.2253537,1
0,137.99963,293.9996,1.6593094,1.2581059,1.2581059,0.01,1.347258,1.3472584,2.8170135,-1.7572851,1
0,137.99979,49.000015,1.0,1.1503247,1.1503247,0.01,1.5910512,1.5910512,2.3375535,-1.1913699,1
0,137.99988,216.00018,1.0,1.078963,1.078963,0.01,1.4494793,1.4494796,2.9409397,-1.2094171,1
0,137.9999,126.999794,1.0619354,1.1536552,1.1536552,0.01,1.5391349,1.5391347,2.8033512,-1.2486953,1
0,137.9999,227.00005,1.0,1.0696486,1.0696486,0.01,1.4320765,1.4320766,2.1345177,-1.2115215,1
0,137.9999,305.0002,1.0,1.1773818,1.1773818,0.01,1.6487504,1.6487498,2.6914666,-1.1836891,1
0,137.99992,116.99972,1.0504379,1.1665939,1.1665939,0.01,1.5761881,1.576188,2.1188262,-1.2340541,1
0,138.00009,70.99994,1.0,1.186932,1.186932,0.01,1.6696707,1.6696708,2.4809196,-1.180876,1
0,138.0001,105.9999,1.0,1.0966096,1.0966096,0.01,1.483112,1.4831116,2.6322012,-1.2052672,1
0,138.00017,39.999966,1.0,1.0366297,1.0366297,0.01,1.3722618,1.3722619,2.8638024,-1.2184922,1
0,138.0002,160.9999,1.0,1.1692607,1.1692607,0.01,1.6311905,1.6311905,2.1316,-1.18604,1
0,138.99974,339.0002,1.0560532,1.1586722,1.1586722,0.01,1.5546793,1.5546792,2.279143,-1.2416835,1
0,138.9998,195.00008,1.0,1.2021112,1.2021112,0.01,1.7035297,1.7035298,2.425232,-1.1762996,1
0,138.99985,136.99985,1.0845261,1.1224698,1.1224698,0.01,1.4583682,1.4583681,2.963463,-1.2790079,1
0,139.00003,29.999975,1.0,1.1482011,1.1482011,0.01,1.5866193,1.5866195,1.2918998,-1.1919541,1
0,139.00023,238.99959,1.460907,1.1918209,1.1918209,0.01,1.3317269,1.3317271,2.2264776,-1.6077902,1
0,139.99966,258.9998,1.4746246,1.2148412,1.2148412,0.01,1.3650357,1.3650358,2.133506,-1.6101427,1
0,139.99977,184.00003,1.0,1.1774331,1.1774331,0.01,1.648862,1.6488625,2.2012322,-1.1836741,1
0,140.00003,150.00021,1.0,1.1474164,1.1474164,0.01,1.5849849,1.5849855,2.4181209,-1.1921693,1
0,140.00005,61.00015,1.0,1.0229832,1.0229832,0.01,1.348367,1.3483666,2.7863493,-1.2211468,1
0,140.00023,83.99978,1.2177277,1.2180961,1.2180961,0.01,1.5396158,1.5396156,2.2559366,-1.3719481,1
0,140.99997,326.00024,1.0,1.1208844,1.1208844,0.01,1.5308322,1.5308322,2.749572,-1.1992173,1
0,140.99998,315.00003,1.0,1.0674825,1.0674825,0.01,1.4280634,1.4280633,2.9070864,-1.2120023,1
0,141.00006,282.00006,1.0,1.2275978,1.2275978,0.01,1.7620938,1.7620946,0.61767185,-1.1683381,1
0,141.00012,268.99966,1.2800369,1.2124172,1.2124172,0.01,1.4821823,1.4821821,2.6418433,-1.4316291,1
0,141.00027,92.9998,1.3174286,1.1724793,1.1724793,0.01,1.3818655,1.3818653,2.5996158,-1.4819444,1
0,141.00053,247.99976,1.7492981,1.2111893,1.2111893,0.01,1.2275032,1.227503,2.3426533,-1.8654816,1
0,146.99998,216.99994,1.0,1.1287718,1.1287718,0.01,1.5467094,1.546709,3.1833646,-1.1971688,1
0,147.00027,118.00015,1.1807098,1.1794132,1.1794132,0.01,1.4910347,1.4910349,2.5118604,-1.3517146,1
0,147.99971,296.00012,1.3788681,1.1768854,1.1768854,0.01,1.352064,1.3520643,2.9521976,-1.5376339,1
0,147.99986,19.000027,1.0,1.0772098,1.0772098,0.01,1.4461855,1.4461856,2.5973454,-1.2098179,1
0,148.99948,160.00021,1.6012192,1.1689992,1.1689992,0.01,1.2236571,1.2236568,2.1674821,-1.7489254,1
0,148.99977,246.99988,1.0792465,1.226297,1.226297,0.01,1.6770267,1.6770267,2.5572696,-1.2415605,1
0,148.99986,94.99987,1.0,1.1702117,1.1702117,0.01,1.6332356,1.6332363,1.990292,-1.1857667,1
0,150.00005,59.999546,1.5724182,1.1521531,1.1521531,0.01,1.2099817,1.2099812,3.165227,-1.7294328,1
0,150.99976,304.00027,1.3375015,1.2098386,1.2098386,0.01,1.4382347,1.4382348,2.4130428,-1.4857466,1
0,150.99988,107.99987,1.0,1.0086051,1.0086051,0.01,1.3236921,1.3236924,2.6488743,-1.2237993,1
0,150.9999,149.99971,1.0421371,1.1556653,1.1556653,0.01,1.5614113,1.5614116,3.0072668,-1.2294928,1
0,150.99995,191.99991,1.0,1.1457059,1.1457059,0.01,1.5814297,1.5814297,2.7547944,-1.192637,1
0,150.99998,207.0003,1.0,1.1442114,1.1442114,0.01,1.5783304,1.5783306,2.5419295,-1.1930442,1
0,151.00002,74.999985,1.0,1.1263973,1.1263973,0.01,1.5419096,1.5419097,1.5501467,-1.1977898,1
0,151.00008,339.00027,1.0,1.1864433,1.1864433,0.01,1.668593,1.668593,2.442771,-1.1810212,1
0,151.0001,84.000015,1.0,1.0122311,1.0122311,0.01,1.3298672,1.3298674,2.311979,-1.2231444,1
0,151.00012,50.999992,1.0,1.0629271,1.0629271,0.01,1.419665,1.4196653,2.400749,-1.2130027,1
0,151.0003,269.99985,1.2520218,1.1598978,1.1598978,0.01,1.4020318,1.4020319,3.7786472,-1.4252757,1
0,151.99986,283.99997,1.0,1.0591257,1.0591257,0.01,1.4126996,1.4126996,2.6326752,-1.2138264,1
0,152.00002,137.9998,1.0,1.0609543,1.0609543,0.01,1.4160455,1.4160455,2.7556722,-1.2134314,1
0,152.00002,314.0001,1.0,1.0881604,1.0881604,0.01,1.4668992,1.4668994,2.842045,-1.2072806,1
0,152.00005,181.00005,1.0,1.1372052,1.1372052,0.01,1.563892,1.563892,2.8751035,-1.1949344,1
0,152.00012,27.999989,1.0,1.0787287,1.0787287,0.01,1.4490384,1.4490385,2.5185742,-1.2094709,1
0,152.00024,128.00018,1.0753555,1.0762463,1.0762463,0.01,1.3805571,1.3805572,2.659276,-1.2823813,1
0,152.00026,226.00002,1.0,1.0928292,1.0928292,0.01,1.475833,1.4758327,2.9777336,-1.206174,1
0,152.00029,41.000134,1.182251,1.1962386,1.1962386,0.01,1.5232283,1.523228,2.4990523,-1.3472296,1
0,152.00034,261.00003,1.0488892,1.1261852,1.1261852,0.01,1.4962056,1.496206,2.5869255,-1.2441844,1
0,152.9999,235.99986,1.0,1.1014383,1.1014383,0.01,1.4924685,1.4924682,3.064945,-1.2040949,1
0,155.99983,216.00009,1.0,1.1880362,1.1880362,0.01,1.6721087,1.6721085,2.2061758,-1.1805474,1
0,158.00014,326.0003,1.0,1.1694409,1.1694409,0.01,1.6315775,1.6315773,2.3893583,-1.1859883,1
0,159.00009,18.000095,1.0,1.1386609,1.1386609,0.01,1.5668797,1.5668797,1.8301992,-1.1945442,1
0,159.99992,258.9999,1.0,1.0887247,1.0887247,0.01,1.4679761,1.4679755,2.5813468,-1.2071477,1
0,160.0,212.99968,1.6924667,1.2833459,1.2833459,0.01,1.3768842,1.3768839,2.0905845,-1.7729172,1
0,160.00002,29.000124,1.0,0.87861556,0.87861556,0.01,1.1211246,1.1211252,2.6039245,-1.2411481,1
0,160.00014,83.00017,1.0,1.1734045,1.1734045,0.01,1.6401242,1.6401243,2.0365307,-1.1848453,1
0,160.99983,181.99974,1.3061829,1.217485,1.217485,0.01,1.4738778,1.4738778,2.3692904,-1.4536966,1
0,161.00005,152.00026,1.007637,1.1867793,1.1867793,0.01,1.6613781,1.6613783,2.4760056,-1.1880308,1
0,161.00008,95.999985,1.0,1.04336,1.04336,0.01,1.3842214,1.384221,2.3018246,-1.2171339,1
0,161.00009,335.9998,1.0,1.1137117,1.1137117,0.01,1.5165532,1.516553,2.6904716,-1.2010454,1
0,161.00012,74.000046,1.0,1.124448,1.124448,0.01,1.5379826,1.5379826,2.1321347,-1.1982968,1
0,161.00012,271.99997,1.0,1.1908646,1.1908646,0.01,1.6783704,1.6783708,0.9890155,-1.1797025,1
0,161.99991,226.00018,1.0,1.1808537,1.1808537,0.01,1.6563219,1.6563219,2.2813623,-1.1826724,1
0,162.00003,39.99986,1.0660934,0.82333624,0.82333624,0.01,1.0041203,1.0041205,4.773543,-1.3109951,1
0,162.00006,160.99988,1.0,1.1125745,1.1125745,0.01,1.5143027,1.5143028,1.8116647,-1.2013321,1
0,162.00015,315.99988,1.0,1.0571048,1.0571048,0.01,1.4090127,1.4090124,3.006736,-1.2142601,1
0,162.00018,136.99985,1.021164,1.1082608,1.1082608,0.01,1.4862192,1.4862189,2.5981069,-1.2225689,1
0,162.0002,50.000286,1.202591,1.1215935,1.1215935,0.01,1.3668422,1.3668418,2.1928182,-1.3913007,1
0,162.99977,237.99983,1.0774078,1.1256788,1.1256788,0.01,1.4704869,1.4704864,2.7270944,-1.2713578,1
0,162.99982,304.00027,1.1589127,1.227895,1.227895,0.01,1.6079627,1.6079626,1.8633246,-1.3141637,1
0,162.99988,60.999947,1.0,1.1147875,1.1147875,0.01,1.5186847,1.5186849,2.42552,-1.2007734,1
0,162.99991,114.99991,1.0,1.1371194,1.1371194,0.01,1.5637159,1.5637159,1.7207005,-1.1949574,1
0,162.99995,248.00018,1.0,1.018168,1.018168,0.01,1.3400464,1.3400463,2.7888844,-1.2220517,1
0,163.00012,292.00012,1.0,1.057954,1.057954,0.01,1.4105605,1.4105606,2.1606355,-1.2140782,1
0,163.00015,173.00008,1.0,1.1179703,1.1179703,0.01,1.5250126,1.5250129,2.2048023,-1.199964,1
0,163.99982,193.99979,1.0,1.1527389,1.1527389,0.01,1.5961069,1.5961068,2.8824499,-1.1907024,1
0,163.99992,280.99988,1.0,1.0395764,1.0395764,0.01,1.3774836,1.3774841,1.9491761,-1.2179015,1
0,163.99994,127.99971,1.0782013,1.1825231,1.1825231,0.01,1.5836613,1.5836614,2.7278407,-1.2550789,1
0,165.99977,202.00009,1.0,1.1458081,1.1458081,0.01,1.5816419,1.5816416,2.387734,-1.1926091,1
0,170.99971,326.00037,1.4613113,1.1937381,1.1937381,0.01,1.334866,1.3348659,2.5493672,-1.607324,1
0,171.0002,293.99957,1.4982452,1.1994653,1.1994653,0.01,1.3250027,1.3250027,3.1024308,-1.6390327,1
0,171.00027,284.0003,1.454071,1.2353299,1.2353299,0.01,1.4143294,1.4143292,2.5156167,-1.5817212,1
0,171.00043,151.00024,1.4552765,1.201433,1.201433,0.01,1.3517992,1.3517992,2.2053487,-1.5983235,1
0,171.99985,106.99992,1.0,1.1653397,1.1653397,0.01,1.6227869,1.6227865,2.1320648,-1.1871613,1
0,171.99988,315.0,1.0,1.0606349,1.0606349,0.01,1.4154601,1.4154603,2.2486553,-1.2135006,1
0,171.9999,217.00009,1.0,1.1530586,1.1530586,0.01,1.5967774,1.5967782,2.6827126,-1.1906137,1
0,171.99991,70.999756,1.0,1.1497974,1.1497974,0.01,1.5899495,1.5899497,1.5250542,-1.1915152,1
0,171.99994,53.000057,1.0,1.087407,1.087407,0.01,1.4654635,1.4654633,2.1884375,-1.2074578,1
0,172.00002,249.00009,1.0,1.0315846,1.0315846,0.01,1.3633732,1.363373,2.5091586,-1.2194891,1
0,172.00008,271.99985,1.0,1.1552135,1.1552135,0.01,1.601307,1.6013072,2.3604789,-1.1900146,1
0,172.00027,161.00005,1.3817062,1.2297381,1.2297381,0.01,1.4477564,1.4477566,2.8775759,-1.5179286,1
0,172.99954,173.00026,1.8356705,1.2300731,1.2300731,0.01,1.2233572,1.2233568,2.7156384,-1.934314,1
0,172.99977,336.00006,1.0,1.0985389,1.0985389,0.01,1.486842,1.4868419,2.7800386,-1.2048007,1
0,172.99994,125.999825,1.0,1.172951,1.172951,0.01,1.6391441,1.6391441,2.5536869,-1.1849766,1
0,173.00009,117.99988,1.0,1.1893094,1.1893094,0.01,1.674924,1.6749243,2.6877122,-1.1801677,1
0,173.99986,182.99998,1.0,0.99731654,0.99731654,0.01,1.3046707,1.3046703,2.655755,-1.2257775,1
0,173.99994,85.0001,1.0,1.0992482,1.0992482,0.01,1.4882159,1.4882164,2.1002836,-1.2046286,1
0,174.00002,304.00018,1.0,1.0434273,1.0434273,0.01,1.3843415,1.3843422,2.655621,-1.2171202,1
0,174.00008,229.00009,1.0,1.0276865,1.0276865,0.01,1.3565491,1.3565489,2.3537257,-1.220247,1
0,174.00026,96.000275,1.4051132,1.2128377,1.2128377,0.01,1.401525,1.401525,2.8510463,-1.5469058,1
0,174.00027,28.999811,1.14991,1.1275176,1.1275176,0.01,1.4158539,1.415854,2.3298814,-1.3395364,1
0,174.00027,40.0,1.0,1.1064821,1.1064821,0.01,1.5023131,1.5023131,2.4104125,-1.2028538,1
0,174.00027,193.00021,1.2079926,1.2102004,1.2102004,0.01,1.5311563,1.5311561,2.631919,-1.3659551,1
0,174.00032,17.999844,1.5531998,1.204227,1.204227,0.01,1.3049678,1.3049678,2.9482841,-1.687722,1
0,174.99988,62.00012,1.0,1.0887132,1.0887132,0.01,1.4679534,1.4679537,2.380523,-1.2071503,1
0,175.00002,258.9999,1.0,1.1110624,1.1110624,0.01,1.5113171,1.5113174,2.5952501,-1.201712,1
0,175.00024,207.00023,1.1547012,1.2017728,1.2017728,0.01,1.5568491,1.5568491,2.223481,-1.3197187,1
0,175.99982,143.0003,1.2919846,1.2145448,1.2145448,0.01,1.477963,1.4779629,2.094763,-1.4418014,1
0,176.00049,235.99983,1.489624,1.2136557,1.2136557,0.01,1.3546661,1.3546661,2.460847,-1.6245288,1
0,182.00003,225.99986,1.0,0.9852823,0.9852823,0.01,1.2847222,1.2847223,2.7990155,-1.2277853,1
0,182.00018,116.99997,1.0,1.1262534,1.1262534,0.01,1.5416194,1.5416195,2.8828096,-1.1978272,1
0,182.99974,149.99986,1.0,1.1258243,1.1258243,0.01,1.5407543,1.5407547,2.840242,-1.197939,1
0,182.99974,335.99994,1.0804214,1.2160882,1.2160882,0.01,1.6533682,1.6533682,2.5207126,-1.246122,1
0,182.99985,185.00008,1.0,1.083226,1.083226,0.01,1.4575242,1.4575238,2.5667243,-1.2084341,1
0,182.99986,215.99988,1.0,0.97464335,0.97464335,0.01,1.2673622,1.2673626,2.612091,-1.2294737,1
0,182.99991,17.000141,1.0,1.1078354,1.1078354,0.01,1.504967,1.5049676,2.624486,-1.2025179,1
0,182.99992,259.00006,1.0,1.052611,1.052611,0.01,1.4008526,1.4008523,3.2306595,-1.2152144,1
0,183.0,85.00017,1.0,1.1266611,1.1266611,0.01,1.5424424,1.5424423,2.562849,-1.1977209,1
0,183.00002,62.999878,1.0,1.0661819,1.0661819,0.01,1.4256599,1.4256599,2.3982813,-1.2122895,1
0,183.00005,171.0001,1.0,0.98874766,0.98874766,0.01,1.290432,1.2904321,3.0491376,-1.2272178,1
0,183.99977,103.99968,1.3029785,1.1793792,1.1793792,0.01,1.4038106,1.4038105,2.48427,-1.4658158,1
0,183.99992,316.99994,1.0,1.1284374,1.1284374,0.01,1.5460323,1.5460327,2.3396032,-1.1972564,1
0,184.00002,40.999786,1.0,1.1248482,1.1248482,0.01,1.5387877,1.5387878,2.496604,-1.1981928,1
0,184.00009,324.99966,1.1987076,1.1583673,1.1583673,0.01,1.4369739,1.4369742,2.4948246,-1.3757453,1
0,184.00015,31.000233,1.0847702,1.1874392,1.1874392,0.01,1.5879521,1.5879518,1.9284543,-1.2596229,1
0,184.00017,248.99985,1.0513916,1.1598021,1.1598021,0.01,1.5612885,1.5612886,2.717378,-1.2369721,1
0,184.00037,140.00018,1.2203064,1.1468793,1.1468793,0.01,1.4001179,1.4001176,2.3877838,-1.3999146,1
0,184.00041,93.999855,1.2433014,1.1705996,1.1705996,0.01,1.4279304,1.4279301,2.5967617,-1.4133012,1
0,184.99979,295.0002,1.1926727,1.1316582,1.1316582,0.01,1.3919415,1.3919412,2.7772746,-1.3787564,1
0,184.99983,206.00015,1.0827484,1.1589435,1.1589435,0.01,1.5312666,1.5312665,2.096967,-1.266669,1
0,184.99985,52.000267,1.0,1.1594822,1.1594822,0.01,1.6103228,1.6103227,2.293339,-1.1888193,1
0,185.0,305.9999,1.0,0.8008877,0.8008877,0.01,1.0135081,1.0135081,2.7819014,-1.246405,1
0,185.00002,127.9999,1.0,1.1260556,1.1260556,0.01,1.5412208,1.5412208,2.4166532,-1.1978788,1
0,185.00014,237.00009,1.0,1.1080322,1.1080322,0.01,1.5053537,1.5053538,2.474431,-1.2024689,1
0,185.00014,268.99994,1.0,1.0295136,1.0295136,0.01,1.3597428,1.3597429,2.711214,-1.2198931,1
0,185.00044,282.99988,1.2860947,1.1637218,1.1637218,0.01,1.3862118,1.3862118,2.6075728,-1.4558697,1
0,185.99992,160.99982,1.0,0.9040894,0.9040894,0.01,1.1582464,1.1582464,2.7194715,-1.2386552,1
0,186.00002,195.99995,1.0,1.038084,1.038084,0.01,1.3748362,1.3748361,2.8175967,-1.2182014,1
0,186.00003,72.00015,1.0,1.0958515,1.0958515,0.01,1.4816489,1.4816492,2.3243046,-1.2054498,1
0,192.99968,151.00021,1.396553,1.2035439,1.2035439,0.01,1.3895713,1.3895711,2.641534,-1.5430142,1
0,192.99976,238.99991,1.162674,1.1435392,1.1435392,0.01,1.436015,1.4360155,2.5314023,-1.3466653,1
0,192.99995,107.0001,1.0,1.0427492,1.0427492,0.01,1.3831311,1.3831313,2.8196638,-1.2172585,1
0,194.00012,141.00002,1.0,1.1687251,1.1687251,0.01,1.6300395,1.6300397,2.6262429,-1.1861937,1
0,194.99966,293.9999,1.1022797,1.1248201,1.1248201,0.01,1.4482089,1.4482088,2.8007233,-1.2951818,1
0,194.99977,339.0,1.0,1.1467648,1.1467648,0.01,1.5836296,1.58363,2.651862,-1.1923476,1
0,194.99983,214.99986,1.0,1.1807191,1.1807191,0.01,1.6560277,1.6560283,2.477764,-1.182712,1
0,194.99985,171.99979,1.0583878,1.198434,1.198434,0.01,1.6360723,1.6360723,2.3122513,-1.2315699,1
0,194.99995,260.00024,1.0,1.1018343,1.1018343,0.01,1.4932382,1.4932384,2.5392075,-1.2039981,1
0,194.99995,307.00015,1.0,0.98645574,0.98645574,0.01,1.2866526,1.2866524,2.8680873,-1.2275941,1
0,195.00008,250.0,1.0,1.0918903,1.0918903,0.01,1.4740314,1.4740314,2.553304,-1.2063978,1
0,195.00023,282.99976,1.2492752,1.1850863,1.1850863,0.01,1.4511207,1.4511211,2.648951,-1.4136045,1
0,195.00027,325.00006,1.0,1.0974703,1.0974703,0.01,1.4847744,1.4847745,2.5940738,-1.2050594,1
0,195.99968,204.99983,1.272438,1.1726724,1.1726724,0.01,1.4117279,1.4117279,2.3893192,-1.4398022,1
0,195.99982,50.00013,1.0046844,1.1967459,1.1967459,0.01,1.6865164,1.6865164,2.2400978,-1.1822785,1
0,195.99994,82.99989,1.0,1.1490793,1.1490793,0.01,1.5884509,1.5884506,1.6491786,-1.1917129,1
0,195.99995,28.000008,1.0,1.1458466,1.1458466,0.01,1.581722,1.5817218,1.5443848,-1.1925986,1
0,195.99998,162.99982,1.0,1.1674731,1.1674731,0.01,1.6273532,1.6273532,2.5617087,-1.1865523,1
0,196.00008,93.99982,1.0,1.1332344,1.1332344,0.01,1.5557749,1.5557748,2.3981986,-1.1959921,1
0,196.00012,20.00023,1.0200882,1.1411613,1.1411613,0.01,1.552572,1.5525721,2.4100435,-1.2128315,1
0,196.00012,116.99998,1.0,1.0338113,1.0338113,0.01,1.3672881,1.3672881,2.3316207,-1.2190514,1
0,196.00014,271.99982,1.0863495,1.2101015,1.2101015,0.01,1.6347387,1.6347387,2.3288653,-1.2536134,1
0,196.00026,183.99992,1.1311951,1.1505915,1.1505915,0.01,1.4740694,1.4740697,2.9415307,-1.3147898,1
0,196.00027,128.00024,1.2509537,1.1789074,1.1789074,0.01,1.4381983,1.4381984,1.9801805,-1.4174441,1
0,196.99995,195.00008,1.0,1.0658419,1.0658419,0.01,1.425032,1.4250325,1.833333,-1.2123642,1
0,197.00008,74.00005,1.0,1.088733,1.088733,0.01,1.4679914,1.4679915,2.5003796,-1.2071457,1
0,197.0002,59.999817,1.0379715,1.1363192,1.1363192,0.01,1.5260963,1.5260959,2.5764868,-1.2310609,1
0,197.00038,227.99986,1.3339539,1.2500812,1.2500812,0.01,1.5192977,1.5192976,2.4293408,-1.4652892,1
0,198.00006,315.00006,1.0,1.1406434,1.1406434,0.01,1.5709587,1.5709587,2.5729804,-1.1940106,1
0,200.00012,35.000114,1.6164093,1.2401108,1.2401108,0.01,1.3361479,1.336148,1.9435138,-1.7278965,1
0,202.99988,156.00002,1.0,1.1441314,1.1441314,0.01,1.5781648,1.5781647,2.262883,-1.1930659,1
0,203.9998,338.00024,1.1637268,1.1558597,1.1558597,0.01,1.4585614,1.4585615,2.789464,-1.3437104,1
0,204.0002,193.00015,1.1638718,1.193166,1.193166,0.01,1.531776,1.5317762,2.3231196,-1.3312507,1
0,204.99971,326.9999,1.0,1.1319319,1.1319319,0.01,1.5531229,1.5531232,2.2913928,-1.1963369,1
0,204.99983,304.9999,1.0,1.1414971,1.1414971,0.01,1.572719,1.5727191,2.7963192,-1.1937801,1
0,204.99994,71.000336,1.2073822,1.125071,1.125071,0.01,1.3697102,1.3697102,2.8665397,-1.3947613,1
0,205.00003,216.99971,1.0207748,1.1360825,1.1360825,0.01,1.5416229,1.541623,2.5861657,-1.2148715,1
0,205.99968,174.00014,1.4501038,1.2429107,1.2429107,0.01,1.4309293,1.4309298,2.628548,-1.574519,1
0,205.9998,49.99984,1.3587418,1.0833828,1.0833828,0.01,1.2077836,1.2077833,5.20499,-1.552215,1
0,205.99983,314.00018,1.245842,1.1937894,1.1937894,0.01,1.4703133,1.4703133,2.629,-1.4071683,1
0,205.99986,16.999939,1.0,1.0068765,1.0068765,0.01,1.3207599,1.3207597,2.437891,-1.2241082,1
0,205.99986,183.99983,1.0,1.0738735,1.0738735,0.01,1.4399407,1.4399407,2.5733523,-1.2105744,1
0,205.99986,226.00017,1.0,1.1174096,1.1174096,0.01,1.5238953,1.5238954,2.7413769,-1.2001071,1
0,205.99991,249.00017,1.0,1.1074429,1.1074429,0.01,1.5041965,1.5041965,2.291221,-1.2026154,1
0,206.00008,201.99985,1.0,1.0812473,1.0812473,0.01,1.4537838,1.4537839,2.8700376,-1.2088919,1
0,206.00029,40.999557,2.0105972,1.2386746,1.2386746,0.01,1.1734554,1.1734558,2.6663537,-2.0892434,1
0,206.00029,58.999752,1.9577866,1.2222202,1.2222202,0.01,1.1661425,1.1661423,3.0517678,-2.0512536,1
0,206.99973,142.00014,1.0760574,1.0968834,1.0968834,0.01,1.4174411,1.417441,2.5577555,-1.2778513,1
0,206.99979,126.99995,1.0,1.1042982,1.1042982,0.01,1.4980415,1.4980415,2.3298607,-1.2033932,1
0,206.99982,149.99997,1.0,1.190167,1.190167,0.01,1.6768237,1.6768237,1.9403001,-1.1799114,1
0,207.00005,107.99964,1.0673828,1.1105642,1.1105642,0.01,1.450166,1.4501662,2.623453,-1.2659744,1
0,207.00014,268.9996,1.3181686,1.2454302,1.2454302,0.01,1.5209205,1.5209208,2.3420053,-1.4529238,1
0,207.0003,257.99966,1.5303421,1.1793474,1.1793474,0.01,1.2742147,1.2742146,2.8439395,-1.6779842,1
0,207.99986,236.99997,1.0,1.2078007,1.2078007,0.01,1.7164155,1.7164156,1.9909304,-1.1745518,1
0,207.99992,97.00016,1.1515503,1.1581233,1.1581233,0.01,1.4724067,1.4724066,2.8266869,-1.3315371,1
0,207.99995,292.99976,1.0912094,1.1842104,1.1842104,0.01,1.5753998,1.5754001,2.8208427,-1.2666612,1
0,207.99998,83.0,1.0,1.0622998,1.0622998,0.01,1.4185133,1.4185127,1.3862132,-1.2131393,1
0,208.00006,119.00003,1.0,1.0408862,1.0408862,0.01,1.379812,1.3798118,2.3035626,-1.2176368,1
0,208.00021,163.0001,1.0,1.1800063,1.1800063,0.01,1.6544704,1.6544704,1.4122063,-1.1829213,1
0,208.99997,30.00014,1.0,1.1455739,1.1455739,0.01,1.5811557,1.5811555,2.207767,-1.1926731,1
0,209.00015,283.00027,1.1871185,1.1630119,1.1630119,0.01,1.4544009,1.4544007,3.0080914,-1.3633066,1
0,213.99994,28.999928,1.0,1.0681181,1.0681181,0.01,1.4292394,1.4292394,1.9260755,-1.2118616,1
0,214.00002,304.99966,1.084549,1.1267616,1.1267616,0.01,1.4665446,1.4665446,2.797273,-1.2778213,1
0,214.9999,139.00008,1.0,1.2097979,1.2097979,0.01,1.7209643,1.7209642,2.315443,-1.1739343,1
0,214.99997,148.0002,1.0,1.1842294,1.1842294,0.01,1.6637207,1.6637208,1.8248403,-1.1816773,1
0,215.99979,71.99996,1.0,1.1560522,1.1560522,0.01,1.603074,1.6030741,2.6354494,-1.1897806,1
0,215.99979,271.9997,1.4552307,1.1780283,1.1780283,0.01,1.3108822,1.3108827,3.0620399,-1.6084584,1
0,216.0,173.0,1.0,1.1190301,1.1190301,0.01,1.5271257,1.527126,2.806749,-1.1996932,1
0,216.9997,284.0,1.0,1.1507003,1.1507003,0.01,1.5918365,1.5918368,2.5175128,-1.1912663,1
0,216.99991,39.999733,1.0271072,1.1320881,1.1320881,0.01,1.5276653,1.5276651,2.5070093,-1.221947,1
0,216.99995,333.99976,1.0,1.1887003,1.1887003,0.01,1.6735768,1.6735766,1.8696518,-1.1803493,1
0,217.00006,83.99988,1.0,1.1179845,1.1179845,0.01,1.5250409,1.5250406,2.4085913,-1.1999605,1
0,217.00014,259.9998,1.0913467,1.1500709,1.1500709,0.01,1.5061264,1.5061265,2.4406126,-1.2774373,1
0,217.99986,293.9997,1.3525162,1.1994114,1.1994114,0.01,1.4090422,1.4090425,2.596598,-1.5039486,1
0,217.99991,126.999985,1.0,1.1374751,1.1374751,0.01,1.5644454,1.5644456,2.9044528,-1.1948621,1
0,218.00005,160.99979,1.0,1.1561258,1.1561258,0.01,1.6032293,1.6032293,2.8007984,-1.18976,1
0,218.00005,182.00017,1.0,1.132652,1.132652,0.01,1.5545884,1.5545886,2.5785823,-1.1961464,1
0,218.00012,214.99985,1.0,1.0992504,1.0992504,0.01,1.4882205,1.4882206,2.8104854,-1.204628,1
0,218.0002,224.99974,1.0882874,1.139512,1.139512,0.01,1.4880229,1.4880233,2.6094823,-1.2776866,1
0,218.00023,205.00003,1.0,1.0578554,1.0578554,0.01,1.410381,1.410381,2.6309714,-1.2140994,1
0,218.00023,316.99997,1.0,1.1463354,1.1463354,0.01,1.5827373,1.5827371,2.2940955,-1.1924651,1
0,218.00024,53.000095,1.0,1.1457866,1.1457866,0.01,1.5815972,1.5815972,2.8827417,-1.192615,1
0,218.00029,240.00026,1.2638779,1.1142036,1.1142036,0.01,1.3133012,1.3133008,2.672876,-1.4518481,1
0,218.00032,107.00018,1.3025665,1.1825472,1.1825472,0.01,1.4099375,1.4099371,3.019993,-1.4642186,1
0,218.00046,96.00021,1.840004,1.2345642,1.2345642,0.01,1.2289311,1.2289311,2.8980122,-1.9356351,1
0,218.99971,19.000072,1.0238419,1.1639614,1.1639614,0.01,1.5961039,1.5961039,2.1335526,-1.2099062,1
0,219.00014,326.00024,1.0450821,1.1274246,1.1274246,0.01,1.5020301,1.5020304,2.7424438,-1.2402377,1
0,219.00015,116.000046,1.0,1.137502,1.137502,0.01,1.5645007,1.5645007,1.5747454,-1.194855,1
0,220.0001,62.99989,1.0,1.0846496,1.0846496,0.01,1.4602218,1.4602218,2.5678084,-1.2081031,1
0,220.00015,248.99977,1.1298599,1.1241932,1.1241932,0.01,1.425094,1.4250938,2.9882684,-1.3215172,1
0,225.99982,41.000412,1.2897339,1.1375306,1.1375306,0.01,1.3372365,1.3372368,2.702363,-1.4686016,1
0,225.9999,161.00008,1.0,1.0408677,1.0408677,0.01,1.3797792,1.3797789,2.6830075,-1.2176406,1
0,225.99994,74.0003,1.1542969,1.1348379,1.1348379,0.01,1.4261045,1.4261043,2.9550421,-1.341464,1
0,226.99948,17.999899,1.470398,1.253064,1.253064,0.01,1.4382411,1.4382412,2.2836792,-1.5881459,1
0,226.99979,116.99997,1.0,1.1488518,1.1488518,0.01,1.5879765,1.5879761,2.3997076,-1.1917754,1
0,226.99979,139.99985,1.2761536,1.1733552,1.1733552,0.01,1.4104865,1.4104861,2.3949442,-1.4430244,1
0,226.9999,261.99994,1.0,1.1721443,1.1721443,0.01,1.6374013,1.6374019,1.3710048,-1.1852098,1
0,226.99997,206.99982,1.0,1.122772,1.122772,0.01,1.5346148,1.5346148,2.7040665,-1.1987308,1
0,227.00009,228.99974,1.0,1.1774671,1.1774671,0.01,1.6489364,1.648936,2.350077,-1.1836642,1
0,227.99977,324.99997,1.0,1.1409483,1.1409483,0.01,1.5715872,1.5715873,2.849586,-1.1939284,1
0,227.99982,103.99999,1.0220566,1.2011346,1.2011346,0.01,1.678188,1.678188,2.4311032,-1.1970354,1
0,227.99991,62.99964,1.1987152,1.181954,1.181954,0.01,1.4821805,1.4821804,2.5815709,-1.3676207,1
0,227.99991,238.00032,1.2494888,1.1708037,1.1708037,0.01,1.4239888,1.4239886,2.7554095,-1.4190172,1
0,228.00034,215.0001,1.3533707,1.1991024,1.1991024,0.01,1.4079304,1.4079306,2.5570843,-1.504868,1
0,228.99966,184.00018,1.1477814,1.1217135,1.1217135,0.01,1.4067804,1.4067802,2.595574,-1.339249,1
0,228.99974,128.00018,1.6931534,1.2369957,1.2369957,0.01,1.2946289,1.2946289,2.6069188,-1.7997749,1
0,228.99974,315.99988,1.1110535,1.2070246,1.2070246,0.01,1.6055149,1.6055149,2.4193008,-1.2774926,1
0,228.99983,30.00006,1.0,1.2215462,1.2215462,0.01,1.7479916,1.7479911,2.3442006,-1.170259,1
0,228.9999,193.00014,1.0,1.1354686,1.1354686,0.01,1.5603362,1.5603362,2.7564719,-1.1953982,1
0,228.99997,82.99983,1.0,1.1167328,1.1167328,0.01,1.5225488,1.5225484,2.509655,-1.2002795,1
0,229.00002,338.0003,1.0245132,1.1702777,1.1702777,0.01,1.6087724,1.6087723,2.3993316,-1.2086859,1
0,229.00003,170.99997,1.0,1.0172468,1.0172468,0.01,1.3384615,1.3384619,1.8619316,-1.2222229,1
0,229.00006,94.999985,1.0,0.98738915,0.98738915,0.01,1.2881906,1.2881901,2.7322855,-1.2274413,1
0,229.00015,51.999733,1.3219986,1.1962943,1.1962943,0.01,1.4228153,1.4228151,2.9508314,-1.476905,1
0,229.00015,247.99992,1.0,1.0777183,1.0777183,0.01,1.4471399,1.44714,3.1832745,-1.2097019,1
0,229.99982,149.00021,1.1970215,1.1615132,1.1615132,0.01,1.4441602,1.4441606,2.7992392,-1.3731015,1
0,229.99992,282.99988,1.0,1.1483952,1.1483952,0.01,1.5870241,1.587024,2.5021842,-1.1919008,1
0,230.00014,294.00027,1.0,1.1232122,1.1232122,0.01,1.5354985,1.5354987,2.250261,-1.198617,1
0,230.00018,303.0001,1.0,1.0967257,1.0967257,0.01,1.483336,1.483336,2.3203754,-1.2052392,1
0,230.99992,268.0,1.0,1.0683028,1.0683028,0.01,1.4295814,1.4295816,1.7331406,-1.2118206,1
0,236.00026,16.999537,1.7094269,1.2168483,1.2168483,0.01,1.2535838,1.2535841,2.474732,-1.8256425,1
0,236.9997,171.99994,1.0482864,1.2017839,1.2017839,0.01,1.6532049,1.653205,2.4062114,-1.2211322,1
0,237.99974,52.00011,1.2025146,1.1771284,1.1771284,0.01,1.469945,1.4699451,2.582294,-1.3728638,1
0,237.99994,216.00018,1.0,1.0492593,1.0492593,0.01,1.3948007,1.3948011,2.672109,-1.2159169,1
0,238.00006,73.99978,1.0,1.1646533,1.1646533,0.01,1.6213208,1.6213204,2.5428019,-1.1873566,1
0,238.00018,194.99977,1.160492,1.1716132,1.1716132,0.01,1.4915934,1.4915932,3.0439358,-1.3354812,1
0,238.99971,262.00003,1.0373611,1.1996864,1.1996864,0.01,1.6594588,1.6594584,2.1844597,-1.2116743,1
0,238.99982,293.00034,1.5972824,1.2024423,1.2024423,0.01,1.280417,1.2804173,2.904358,-1.7294004,1
0,238.99992,144.00012,1.157753,1.0954629,1.0954629,0.01,1.352352,1.3523523,2.8590107,-1.3562831,1
0,238.99995,302.00012,1.0,0.99200696,0.99200696,0.01,1.295828,1.2958277,3.304281,-1.2266762,1
0,239.00005,329.00027,1.0006409,1.1334931,1.1334931,0.01,1.5556779,1.5556774,2.6970084,-1.1965297,1
0,239.00009,314.00015,1.0,1.1302767,1.1302767,0.01,1.5497599,1.5497597,2.607659,-1.1967734,1
0,239.00026,127.999985,1.0,1.0608397,1.0608397,0.01,1.4158353,1.4158353,2.0461297,-1.2134563,1
0,239.00027,269.00027,1.2647552,1.2284654,1.2284654,0.01,1.5250939,1.5250939,2.1977563,-1.4111227,1
0,239.99973,160.0002,1.4222412,1.1639259,1.1639259,0.01,1.3047225,1.3047228,2.967048,-1.5834411,1
0,239.99973,226.00005,1.0,1.1134892,1.1134892,0.01,1.5161123,1.5161124,2.8769226,-1.2011015,1
0,239.99997,82.99988,1.0,1.0886514,1.0886514,0.01,1.4678358,1.4678358,2.645292,-1.207165,1
0,240.0,183.9999,1.0,1.0839822,1.0839822,0.01,1.4589565,1.4589565,2.5817657,-1.2082584,1
0,240.00006,236.99988,1.0,1.1018561,1.1018561,0.01,1.4932808,1.4932808,2.65303,-1.2039927,1
0,240.00017,251.00023,1.1177521,1.1404017,1.1404017,0.01,1.4653146,1.465315,2.9332228,-1.3052427,1
0,240.00021,106.9997,1.2757034,1.2004743,1.2004743,0.01,1.4620308,1.4620311,2.6981113,-1.432321,1
0,240.00026,116.99993,1.079155,1.1643528,1.1643528,0.01,1.5453779,1.5453779,2.9351423,-1.2616452,1
0,240.00037,61.0,1.1103516,1.1716481,1.1716481,0.01,1.5329257,1.5329255,2.692327,-1.2885705,1
0,240.00038,203.99976,1.4022903,1.1924748,1.1924748,0.01,1.3660924,1.3660924,2.385004,-1.5530357,1
0,240.99985,281.9999,1.0,1.1525215,1.1525215,0.01,1.5956506,1.5956504,2.714272,-1.1907626,1
0,241.00021,29.000128,1.2106552,1.211779,1.211779,0.01,1.5322803,1.5322807,2.68786,-1.3678217,1
0,241.00041,93.999886,1.5985031,1.1987655,1.1987655,0.01,1.2736636,1.2736632,3.2714217,-1.7323226,1
0,242.00005,336.99988,1.0,1.0617161,1.0617161,0.01,1.4174417,1.4174417,3.0894585,-1.2132663,1
0,244.00014,39.000164,1.7155991,1.1516579,1.1516579,0.01,1.1484536,1.1484532,2.2732024,-1.8643817,1
0,246.99968,327.99985,1.3056412,1.1617372,1.1617372,0.01,1.3699945,1.3699939,2.6996837,-1.4749309,1
0,247.99965,139.99986,1.2055359,1.1853255,1.1853255,0.01,1.4835966,1.4835966,2.7311485,-1.3727793,1
0,247.99968,250.00035,1.6761246,1.2270701,1.2270701,0.01,1.2854286,1.2854285,2.8027582,-1.789531,1
0,247.99974,211.99997,1.0,1.12142,1.12142,0.01,1.5319043,1.5319043,2.1227865,-1.1990795,1
0,248.9996,160.99982,1.4960861,1.1367091,1.1367091,0.01,1.221551,1.2215508,3.2466643,-1.6639018,1
0,248.99971,274.00015,1.2881699,1.1709294,1.1709294,0.01,1.3980047,1.3980043,2.6558642,-1.4551604,1
0,249.00015,260.0002,1.0,1.0820351,1.0820351,0.01,1.4552717,1.4552715,3.077825,-1.20871,1
0,249.0002,302.99997,1.0,1.0576501,1.0576501,0.01,1.4100062,1.4100066,2.9722748,-1.2141434,1
0,249.00026,105.999985,1.0629654,1.1573603,1.1573603,0.01,1.5457089,1.5457082,2.8798587,-1.2485654,1
0,249.99974,74.000084,1.012291,1.1560054,1.1560054,0.01,1.5907471,1.5907476,2.3862522,-1.2013446,1
0,249.9998,319.00012,1.0,1.1320087,1.1320087,0.01,1.5532789,1.5532789,2.3737307,-1.1963165,1
0,249.99994,84.00032,1.061882,1.1261213,1.1261213,0.01,1.484664,1.484664,3.0451005,-1.2565173,1
0,250.00005,117.00009,1.0,1.0896914,1.0896914,0.01,1.469822,1.4698223,3.0716548,-1.2069194,1
0,250.00005,152.00021,1.0,1.1931899,1.1931899,0.01,1.6835384,1.6835388,2.3376842,-1.1790047,1
0,250.00018,284.00018,1.0,1.1582836,1.1582836,0.01,1.6077855,1.6077857,2.3249173,-1.1891559,1
0,250.0002,228.00008,1.0,1.0467716,1.0467716,0.01,1.3903284,1.3903285,2.214292,-1.216433,1
0,250.00023,60.999905,1.1333771,1.1510948,1.1510948,0.01,1.4732879,1.4732877,2.9147253,-1.3166862,1
0,250.99976,51.999947,1.0,1.1137968,1.1137968,0.01,1.5167217,1.5167218,2.669777,-1.2010238,1
0,250.99988,204.99991,1.0,1.1189444,1.1189444,0.01,1.5269549,1.526955,2.223568,-1.1997151,1
0,250.9999,127.000435,1.4088745,1.1704379,1.1704379,0.01,1.3233956,1.3233954,2.9394448,-1.5682862,1
0,250.9999,195.00017,1.0300293,1.1822847,1.1822847,0.01,1.6289581,1.6289583,2.7591474,-1.2102462,1
0,251.00006,239.00012,1.0,0.9083721,0.9083721,0.01,1.164596,1.1645962,2.1888797,-1.238195,1
0,251.0001,172.99991,1.0,1.0690539,1.0690539,0.01,1.4309734,1.4309735,2.589415,-1.2116538,1
0,251.00014,17.999794,1.0770111,1.1984935,1.1984935,0.01,1.6185095,1.6185102,2.4543514,-1.2488221,1
0,251.00018,93.999916,1.0,1.1578469,1.1578469,0.01,1.6068628,1.6068624,2.9661713,-1.1892785,1
0,251.0003,336.99997,1.0679703,1.1571907,1.1571907,0.01,1.5408529,1.5408531,2.80276,-1.2533178,1
0,252.00012,27.9998,1.0455704,1.1660035,1.1660035,0.01,1.5795342,1.5795344,2.1671188,-1.2296703,1
0,252.00014,295.00018,1.0,1.1386178,1.1386178,0.01,1.5667913,1.5667909,2.2914553,-1.1945558,1
0,252.00029,181.99971,1.5581207,1.227032,1.227032,0.01,1.3422567,1.3422568,2.587196,-1.6811627,1
0,258.99982,273.99982,1.0445633,1.104732,1.104732,0.01,1.458656,1.458656,2.6987174,-1.245768,1
0,258.99985,260.00006,1.0,1.0932125,1.0932125,0.01,1.4765692,1.4765689,2.59266,-1.2060825,1
0,258.99985,294.00006,1.0,1.1072047,1.1072047,0.01,1.5037296,1.5037293,2.500651,-1.2026746,1
0,259.0,162.00014,1.0,1.1344599,1.1344599,0.01,1.558275,1.5582751,2.4022596,-1.1956668,1
0,259.0001,31.000101,1.0,1.1176977,1.1176977,0.01,1.5244693,1.5244694,2.1447248,-1.2000337,1
0,259.99963,239.00024,1.36969,1.1784704,1.1784704,0.01,1.3603545,1.3603544,2.609523,-1.528429,1
0,259.99966,337.00055,2.1471024,1.1334536,1.1334536,0.01,0.9843186,0.9843186,4.841495,-2.281017,1
0,259.99976,82.99991,1.0673904,1.172945,1.172945,0.01,1.5736411,1.5736405,2.7611334,-1.2479868,1
0,259.9998,138.99976,1.0,1.203919,1.203919,0.01,1.7076128,1.7076128,2.1120565,-1.1757461,1
0,260.0,151.99963,1.7227478,1.1725451,1.1725451,0.01,1.1773384,1.1773385,3.9579613,-1.8609309,1
0,260.0,183.0003,1.1062241,1.1804513,1.1804513,0.01,1.5543764,1.5543764,2.7194002,-1.2818755,1
0,260.00006,128.99998,1.0,1.1039807,1.1039807,0.01,1.4974214,1.4974214,2.890549,-1.2034714,1
0,260.00006,217.00003,1.0,1.0906634,1.0906634,0.01,1.4716814,1.4716809,2.5153,-1.2066892,1
0,260.00006,227.00021,1.0,1.1384314,1.1384314,0.01,1.5664083,1.566408,2.9370408,-1.1946058,1
0,260.00015,194.00034,1.5765762,1.220214,1.220214,0.01,1.3209451,1.3209451,2.9713607,-1.7015212,1
0,260.00018,62.99989,1.0,1.0683264,1.0683264,0.01,1.4296252,1.4296252,2.7812943,-1.2118154,1
0,260.99976,72.99973,1.3034286,1.2000964,1.2000964,0.01,1.4423002,1.4423002,2.540062,-1.4581667,1
0,260.99976,317.99988,1.2049942,1.2216418,1.2216418,0.01,1.5568662,1.5568664,2.5371122,-1.3588703,1
0,260.99997,52.000217,1.0,1.121736,1.121736,0.01,1.5325375,1.5325375,2.9625607,-1.1989981,1
0,261.0003,42.99998,1.0,1.2043992,1.2043992,0.01,1.7086992,1.7086991,2.2156363,-1.1755989,1
0,261.0004,105.99985,1.4496307,1.1982788,1.1982788,0.01,1.3493446,1.3493446,2.7354693,-1.5944847,1
0,261.9999,116.99969,1.1954803,1.1584327,1.1584327,0.01,1.4394758,1.4394763,2.8644338,-1.3726925,1
0,261.9999,304.00034,1.4202576,1.2056663,1.2056663,0.01,1.379403,1.3794032,2.6904142,-1.5640359,1
0,261.99994,205.00005,1.0,1.0749224,1.0749224,0.01,1.4419008,1.4419006,3.165888,-1.2103374,1
0,262.0,19.000092,1.0,1.1636381,1.1636381,0.01,1.6191552,1.619155,2.5118995,-1.1876451,1
0,262.00003,328.00006,1.0,1.1295583,1.1295583,0.01,1.5483028,1.5483029,2.963153,-1.1969624,1
0,262.00027,249.00017,1.0977325,1.0747936,1.0747936,0.01,1.3605211,1.3605212,3.0186539,-1.3042256,1
0,262.00043,95.00019,1.7215195,1.2334715,1.2334715,0.01,1.2760552,1.2760551,2.6192758,-1.8276969,1
0,267.99994,172.99953,2.145935,1.2299647,1.2299647,0.01,1.1172204,1.1172204,4.035791,-2.219071,1
0,269.99966,337.00006,1.0,1.0990306,1.0990306,0.01,1.4877945,1.4877945,2.3892107,-1.2046814,1
0,269.99985,84.00004,1.0,1.0905054,1.0905054,0.01,1.4713787,1.4713787,2.6380842,-1.2067267,1
0,270.0001,104.99999,1.0,1.2235686,1.2235686,0.01,1.7526901,1.7526903,0.61228913,-1.1696191,1
0,270.00027,30.000032,1.037056,1.1699733,1.1699733,0.01,1.5959377,1.5959375,2.3290613,-1.2205136,1
0,270.9998,215.0002,1.2490921,1.1200132,1.1200132,0.01,1.3327793,1.3327795,3.0060713,-1.4359394,1
0,270.99988,294.0,1.0,1.0608021,1.0608021,0.01,1.4157667,1.4157664,2.2769299,-1.2134644,1
0,270.99994,127.00002,1.0,1.109827,1.109827,0.01,1.5088825,1.5088826,2.921812,-1.2020214,1
0,271.0001,115.99978,1.0,1.0652405,1.0652405,0.01,1.4239229,1.4239227,3.1708388,-1.2124965,1
0,271.00018,97.00035,1.4521408,1.200899,1.200899,0.01,1.3525999,1.3525999,2.7703798,-1.595655,1
0,271.00027,20.00004,1.2119141,1.1842258,1.1842258,0.01,1.4766643,1.476664,3.0820093,-1.3791142,1
0,271.99957,151.00018,1.6103439,1.1861775,1.1861775,0.01,1.247304,1.2473037,2.9600792,-1.7493914,1
0,271.99966,303.0,1.0290298,1.1722324,1.1722324,0.01,1.6084875,1.6084874,2.7047982,-1.2123325,1
0,271.99985,62.99986,1.0,1.1336664,1.1336664,0.01,1.5566558,1.5566559,2.652472,-1.1958776,1
0,271.99985,270.0002,1.1556549,1.1304818,1.1304818,0.01,1.4169884,1.4169886,2.6687293,-1.3440809,1
0,271.9999,196.99983,1.0,1.2094636,1.2094636,0.01,1.7202018,1.7202015,1.2097468,-1.1740378,1
0,271.99994,51.99997,1.0,1.0607255,1.0607255,0.01,1.4156262,1.415626,2.6973722,-1.213481,1
0,271.99997,260.0002,1.0,1.1353734,1.1353734,0.01,1.5601413,1.5601411,2.4991643,-1.1954236,1
0,272.00003,74.00005,1.0,1.0742743,1.0742743,0.01,1.4406893,1.4406894,2.3192391,-1.210484,1
0,272.0001,159.99971,1.0472107,1.031004,1.031004,0.01,1.3238591,1.3238592,3.2189426,-1.2653784,1
0,272.00015,140.99982,1.1098633,1.1126986,1.1126986,0.01,1.4194671,1.4194673,2.4971676,-1.3058139,1
0,272.00015,239.00037,1.2253265,1.1195861,1.1195861,0.01,1.3477458,1.3477458,3.2188191,-1.4135097,1
0,272.0003,205.00021,1.157814,1.1806912,1.1806912,0.01,1.5116616,1.5116619,2.2554016,-1.3299165,1
0,272.99997,282.00024,1.0,1.1685002,1.1685002,0.01,1.6295563,1.6295565,2.7498534,-1.1862582,1
0,273.00006,40.000134,1.0,1.1590626,1.1590626,0.01,1.6094344,1.6094342,1.4868985,-1.1889372,1
0,273.00027,248.0,1.0221863,1.1489614,1.1489614,0.01,1.5665287,1.5665284,2.5758572,-1.2126391,1
0,274.00037,228.00026,1.5709534,1.2133483,1.2133483,0.01,1.3118299,1.3118299,2.4916177,-1.6997248,1
0,275.0002,315.00003,1.0,1.1443306,1.1443306,0.01,1.5785774,1.5785775,2.333695,-1.1930118,1
0,275.00027,182.99977,1.3343124,1.2013116,1.2013116,0.01,1.424217,1.4242171,2.5092132,-1.4862989,1
0,278.99954,117.99995,1.3172226,1.1533611,1.1533611,0.01,1.3478135,1.3478135,2.578865,-1.4888872,1
0,279.00015,104.9999,1.0,1.1739081,1.1739081,0.01,1.6412137,1.6412139,2.8844204,-1.1846994,1
0,279.99973,39.99986,1.0265274,1.1785692,1.1785692,0.01,1.6244519,1.6244519,2.5069034,-1.2081014,1
0,280.9998,148.99994,1.1358032,1.1433729,1.1433729,0.01,1.4565389,1.4565392,3.083213,-1.3213713,1
0,280.99982,224.99988,1.0,1.0816625,1.0816625,0.01,1.4545677,1.4545677,2.597096,-1.208796,1
0,281.00003,136.9999,1.0,1.220001,1.220001,0.01,1.7444099,1.7444103,2.1686838,-1.1707464,1
0,281.00003,193.99971,1.0,1.2093507,1.2093507,0.01,1.7199445,1.719945,1.9026461,-1.1740727,1
0,281.00003,215.00014,1.0,1.1077596,1.1077596,0.01,1.5048183,1.5048183,3.1452851,-1.2025367,1
0,281.00024,129.99997,1.0,1.1166153,1.1166153,0.01,1.522315,1.5223151,2.9567463,-1.2003094,1
0,281.99982,49.99997,1.0,1.1978363,1.1978363,0.01,1.6939179,1.6939179,2.1662047,-1.1776012,1
0,281.99985,184.99974,1.1495819,1.1870029,1.1870029,0.01,1.5310037,1.5310038,2.351655,-1.320094,1
0,281.99988,26.999863,1.0413208,1.1763393,1.1763393,0.01,1.6052574,1.6052572,2.3352962,-1.2225864,1
0,282.0,259.9999,1.0,1.0224248,1.0224248,0.01,1.3473989,1.3473994,2.5642598,-1.2212527,1
0,282.0,282.99988,1.0,1.0971202,1.0971202,0.01,1.4840978,1.4840978,2.582471,-1.2051439,1
0,282.0,324.99994,1.0,1.1700966,1.1700966,0.01,1.6329881,1.632988,2.350225,-1.1857998,1
0,282.00006,84.00003,1.0,1.122342,1.122342,0.01,1.5337518,1.5337524,2.5556223,-1.1988418,1
0,282.00006,173.00005,1.0,1.0981352,1.0981352,0.01,1.4860609,1.4860607,3.001697,-1.2048985,1
0,282.00012,18.999872,1.0,1.0286679,1.0286679,0.01,1.3582635,1.3582636,2.1429272,-1.2200571,1
0,282.00027,163.00027,1.4837494,1.2073454,1.2073454,0.01,1.346631,1.3466312,2.5647244,-1.6220118,1
0,282.0004,238.00015,1.2392807,1.1060017,1.1060017,0.01,1.315036,1.3150364,2.8675683,-1.4310007,1
0,282.99982,247.99982,1.0,1.0922732,1.0922732,0.01,1.4747657,1.4747657,2.569291,-1.2063066,1
0,282.99997,205.9998,1.0,1.1231686,1.1231686,0.01,1.5354109,1.535411,2.9327707,-1.1986282,1
0,282.99997,315.0003,1.079216,1.1258792,1.1258792,0.01,1.4693415,1.4693418,2.6876705,-1.2730155,1
0,283.00006,304.9998,1.0,1.148048,1.148048,0.01,1.5863,1.5863007,2.4826524,-1.1919961,1
0,284.00003,337.99976,1.0,1.0642002,1.0642002,0.01,1.4220064,1.4220065,2.7995725,-1.2127246,1
0,284.00006,94.99977,1.2117615,1.1969299,1.1969299,0.01,1.5016998,1.5016998,2.4636784,-1.3743644,1
0,284.0001,64.99991,1.0,1.1067111,1.1067111,0.01,1.502762,1.5027621,2.4893563,-1.2027969,1
0,284.0001,293.00018,1.0,1.2175438,1.2175438,0.01,1.7387322,1.7387319,2.4337747,-1.1715192,1
0,284.0002,270.00015,1.1567383,1.2027873,1.2027873,0.01,1.5572412,1.5572413,2.4936,-1.321247,1
0,291.00018,212.99982,1.0054398,1.0732297,1.0732297,0.01,1.4338733,1.4338732,2.9123173,-1.2159457,1
0,291.99976,202.99991,1.0,1.108843,1.108843,0.01,1.5069466,1.5069467,2.3903766,-1.202267,1
0,292.0,94.99988,1.0,1.1267416,1.1267416,0.01,1.5426049,1.5426049,2.5952635,-1.1976999,1
0,292.00006,54.999897,1.0,0.98504645,0.98504645,0.01,1.2843347,1.2843344,2.9534287,-1.2278236,1
0,292.00015,141.00009,1.0,1.0912534,1.0912534,0.01,1.4728106,1.4728107,2.5692277,-1.2065492,1
0,292.9996,316.00006,1.2683716,1.239319,1.239319,0.01,1.5444733,1.5444733,2.3427684,-1.4100089,1
0,292.99982,72.0,1.0,1.0717427,1.0717427,0.01,1.4359684,1.4359682,2.1478171,-1.2110537,1
0,292.99985,337.9999,1.0,1.1277981,1.1277981,0.01,1.5447391,1.5447391,3.18932,-1.1974238,1
0,292.99997,193.00017,1.0,1.0849162,1.0849162,0.01,1.4607278,1.4607278,2.4814448,-1.2080408,1
0,293.00003,181.00018,1.0,1.1649178,1.1649178,0.01,1.6218854,1.6218854,2.5661957,-1.1872814,1
0,293.0001,236.9999,1.0,1.1157166,1.1157166,0.01,1.520529,1.5205289,2.7387877,-1.2005378,1
0,293.00012,170.99991,1.0,1.0987021,1.0987021,0.01,1.4871578,1.4871581,2.8986726,-1.2047611,1
0,293.00037,271.9999,1.44207,1.206986,1.206986,0.01,1.3691963,1.369196,2.7026343,-1.583631,1
0,293.99982,325.9999,1.0,1.0828893,1.0828893,0.01,1.4568869,1.4568871,2.564886,-1.2085122,1
0,294.00006,18.999735,1.0939331,1.2051667,1.2051667,0.01,1.6170924,1.6170921,2.1605897,-1.2622854,1
0,294.00012,108.00006,1.0,1.2013422,1.2013422,0.01,1.7017962,1.7017965,2.418434,-1.1765345,1
0,294.00024,129.99973,1.1764984,1.1422113,1.1422113,0.01,1.4231421,1.4231417,2.2776997,-1.3601285,1
0,294.00027,115.999855,1.159462,1.2235879,1.2235879,0.01,1.5983477,1.5983479,2.326986,-1.3162563,1
0,294.99982,293.00012,1.0,1.0988964,1.0988964,0.01,1.4875344,1.4875344,3.1444304,-1.204714,1
0,294.99994,148.99977,1.2416077,1.2201713,1.2201713,0.01,1.5255848,1.5255848,2.75316,-1.3931392,1
0,294.99994,162.00006,1.0,1.0248123,1.0248123,0.01,1.3515421,1.3515421,2.869185,-1.2207987,1
0,295.00006,249.99986,1.0,1.052114,1.052114,0.01,1.3999534,1.3999532,2.3012009,-1.215319,1
0,295.00006,303.99976,1.0,1.1005288,1.1005288,0.01,1.490701,1.4907005,2.6841486,-1.2043169,1
0,295.00012,281.99985,1.0605698,1.1027238,1.1027238,0.01,1.4411554,1.4411557,2.9603763,-1.2615504,1
0,295.99988,259.99997,1.0,1.1293632,1.1293632,0.01,1.547907,1.5479076,2.5378537,-1.1970136,1
0,295.99994,40.999874,1.0,1.128263,1.128263,0.01,1.5456796,1.5456797,1.7226686,-1.1973021,1
0,296.00015,30.0003,1.2611694,1.1952631,1.1952631,0.01,1.4622093,1.4622093,2.5677614,-1.4208444,1
0,296.9998,229.00009,1.0066147,1.1678749,1.1678749,0.01,1.6214935,1.6214939,2.2597277,-1.1926316,1
0,296.99988,82.99996,1.0,1.0445199,1.0445199,0.01,1.3862944,1.3862946,1.9868037,-1.2168965,1
0,301.9998,52.00007,1.0,1.1410257,1.1410257,0.01,1.5717468,1.5717466,2.437561,-1.1939075,1
0,302.9998,62.999996,1.0,1.1640049,1.1640049,0.01,1.6199373,1.6199373,2.2263498,-1.1875409,1
0,302.9998,83.00009,1.0,1.1058438,1.1058438,0.01,1.5010632,1.5010633,2.26001,-1.2030118,1
0,302.99982,192.99998,1.0,1.1692692,1.1692692,0.01,1.6312085,1.6312085,2.5347805,-1.1860375,1
0,303.00012,336.99988,1.0,1.0758866,1.0758866,0.01,1.4437051,1.4437052,2.7585485,-1.2101189,1
0,303.00015,315.99985,1.0,1.1633841,1.1633841,0.01,1.6186135,1.6186135,2.6180358,-1.1877171,1
0,303.00018,93.00001,1.0,1.1266986,1.1266986,0.01,1.5425179,1.542518,2.4675515,-1.1977111,1
0,303.0002,39.999905,1.0,1.1616477,1.1616477,0.01,1.614918,1.6149181,2.6173239,-1.1882087,1
0,303.99963,302.99997,1.2124023,1.1460084,1.1460084,0.01,1.4040974,1.4040976,2.6543553,-1.3927552,1
0,303.99966,240.0002,1.3091965,1.2182401,1.2182401,0.01,1.4732829,1.4732828,2.2829416,-1.4561633,1
0,303.9998,115.99993,1.0,1.1562824,1.1562824,0.01,1.6035594,1.6035597,2.2374735,-1.1897162,1
0,304.0001,29.000153,1.0,1.1132667,1.1132667,0.01,1.5156723,1.515672,3.307385,-1.2011577,1
0,304.00012,250.00009,1.0,1.0647861,1.0647861,0.01,1.4230853,1.4230853,2.910453,-1.2125962,1
0,304.00012,327.00027,1.2088394,1.1956445,1.1956445,0.01,1.5013791,1.5013789,2.9415395,-1.372123,1
0,304.0002,159.0001,1.1425095,1.1515499,1.1515499,0.01,1.4668835,1.4668838,2.7444413,-1.3251375,1
0,304.0003,292.99982,1.4519653,1.1706917,1.1706917,0.01,1.3000852,1.3000851,2.9931686,-1.6085002,1
0,304.9999,17.999664,1.1848907,1.1336802,1.1336802,0.01,1.4012359,1.401236,2.5953507,-1.3707571,1
0,304.99997,205.00029,1.0717468,1.1471908,1.1471908,0.01,1.5174303,1.5174301,2.631966,-1.2598331,1
0,305.00003,128.00005,1.0,1.0467247,1.0467247,0.01,1.3902445,1.3902442,2.9998877,-1.2164427,1
0,305.00027,261.99985,1.2871323,1.2383446,1.2383446,0.01,1.5287242,1.5287242,2.4177334,-1.4275738,1
0,305.0003,168.99986,1.3004608,1.2017728,1.2017728,0.01,1.4474953,1.4474955,2.9498155,-1.4547508,1
0,305.99985,281.00006,1.0,1.0976081,1.0976081,0.01,1.485041,1.4850409,2.69462,-1.205026,1
0,306.00015,72.00008,1.0007858,1.1461197,1.1461197,0.01,1.5815102,1.58151,2.726489,-1.1932647,1
0,306.00015,214.99998,1.0,1.0884098,1.0884098,0.01,1.4673747,1.4673748,3.0945187,-1.2072219,1
0,306.00018,109.00033,1.0784454,1.1170278,1.1170278,0.01,1.4531081,1.4531083,2.2808053,-1.2747437,1
0,306.00018,227.00027,1.1190872,1.0563841,1.0563841,0.01,1.3128645,1.3128644,3.2582633,-1.3292636,1
0,306.0003,141.0002,1.2328568,1.1904187,1.1904187,0.01,1.4732102,1.4732101,2.2513897,-1.3963547,1
0,306.9999,184.0002,1.0,1.1982781,1.1982781,0.01,1.6949084,1.6949084,2.4125733,-1.1774672,1
0,307.0004,149.99974,1.530838,1.2198305,1.2198305,0.01,1.343642,1.3436415,2.3654065,-1.6595958,1
0,312.99973,169.99985,1.075058,1.2196627,1.2196627,0.01,1.6663744,1.6663747,1.8535957,-1.2399704,1
0,313.9999,127.99986,1.0,1.1123621,1.1123621,0.01,1.5138834,1.5138831,2.7935853,-1.2013855,1
0,314.0,61.000206,1.0,1.1474663,1.1474663,0.01,1.5850891,1.5850891,2.3681002,-1.1921556,1
0,314.00003,286.0,1.5008316,1.231959,1.231959,0.01,1.3815758,1.3815756,2.6206038,-1.626176,1
0,314.00006,107.000244,1.0,1.1480858,1.1480858,0.01,1.5863793,1.5863795,2.6377354,-1.1919857,1
0,314.0001,79.00009,1.3307114,1.2407523,1.2407523,0.01,1.5028534,1.502853,1.7847533,-1.4664028,1
0,314.0002,29.000214,1.2715683,1.1281617,1.1281617,0.01,1.3324444,1.3324442,3.0132737,-1.4545932,1
0,314.99973,224.99976,1.5183411,1.2188252,1.2188252,0.01,1.3484454,1.3484453,2.7067037,-1.6485691,1
0,314.99976,336.00034,1.2584229,1.1854573,1.1854573,0.01,1.4453763,1.4453764,2.4708536,-1.4219865,1
0,314.99985,160.00014,1.0,1.1093447,1.1093447,0.01,1.5079333,1.5079333,2.4368093,-1.2021419,1
0,315.00003,250.00002,1.0,1.089195,1.089195,0.01,1.4688734,1.4688735,2.5497873,-1.2070367,1
0,315.00006,312.9999,1.0,1.0470532,1.0470532,0.01,1.3908337,1.3908341,2.588218,-1.2163749,1
0,315.99988,305.00015,1.0,1.1468469,1.1468469,0.01,1.5838003,1.5838006,1.9842491,-1.1923252,1
0,316.00006,136.99971,1.0,1.1406239,1.1406239,0.01,1.5709187,1.5709186,2.6038897,-1.1940159,1
0,316.00012,216.9999,1.0,1.1186075,1.1186075,0.01,1.5262827,1.5262828,3.092951,-1.1998013,1
0,316.00015,206.00002,1.0,1.0340345,1.0340345,0.01,1.3676811,1.367681,2.3444686,-1.2190073,1
0,316.00015,260.99982,1.0,1.1597425,1.1597425,0.01,1.6108745,1.6108745,2.7038555,-1.188746,1
0,316.99966,115.999916,1.2299652,1.2013892,1.2013892,0.01,1.4968162,1.4968165,2.1795342,-1.3895875,1
0,316.99976,52.000183,1.2243347,1.2032648,1.2032648,0.01,1.504748,1.5047474,2.3358178,-1.3836685,1
0,316.99985,270.99973,1.2799072,1.1850846,1.1850846,0.01,1.4298339,1.4298338,2.3277316,-1.4421366,1
0,317.00003,326.0001,1.0,1.0335988,1.0335988,0.01,1.3669137,1.3669142,2.9804983,-1.2190932,1
0,317.00024,191.00017,1.0,1.2008873,1.2008873,0.01,1.7007715,1.7007719,1.8632249,-1.1766733,1
0,317.00027,18.999802,1.4778366,1.2338567,1.2338567,0.01,1.3979118,1.3979117,2.815537,-1.604189,1
0,318.00006,184.99992,1.0,1.2128104,1.2128104,0.01,1.7278504,1.7278504,1.6612194,-1.1729988,1
0,318.00027,42.00012,1.14888,1.1981598,1.1981598,0.01,1.554283,1.5542828,2.425483,-1.3155898,1
0,318.99973,237.00003,1.079773,1.1793433,1.1793433,0.01,1.5756102,1.5756102,2.280606,-1.257553,1
0,319.00018,94.000244,1.2678528,1.1664621,1.1664621,0.01,1.4033542,1.4033546,2.637551,-1.4377768,1
0,324.0002,183.00021,1.311943,1.1815919,1.1815919,0.01,1.4020458,1.4020458,2.4578261,-1.4733284,1
0,324.99966,139.0001,1.1393051,1.163418,1.163418,0.01,1.4924845,1.4924846,2.7010725,-1.3183349,1
0,324.99976,214.99985,1.1140518,1.1522167,1.1522167,0.01,1.4912246,1.4912245,3.091189,-1.2981524,1
0,324.99982,259.9998,1.1369858,1.2090602,1.2090602,0.01,1.5869987,1.5869993,2.7434375,-1.3007598,1
0,324.99994,226.00023,1.0984344,1.1637698,1.1637698,0.01,1.5273108,1.5273108,2.8888242,-1.2799006,1
0,324.99997,283.00015,1.0,1.0881085,1.0881085,0.01,1.4668003,1.4668001,2.435071,-1.2072928,1
0,325.00012,27.99975,1.1044922,1.1840192,1.1840192,0.01,1.5632192,1.5632191,2.885321,-1.279099,1
0,325.99982,71.00003,1.0,1.1631495,1.1631495,0.01,1.6181139,1.6181139,2.3824246,-1.1877836,1
0,325.99994,290.99997,1.0,1.1347553,1.1347553,0.01,1.5588783,1.5588783,2.4606628,-1.1955882,1
0,326.0002,18.000359,1.1427307,1.0649602,1.0649602,0.01,1.3105006,1.3105005,2.7676558,-1.3499446,1
0,326.0002,117.99989,1.0293808,1.2105948,1.2105948,0.01,1.6917527,1.6917527,2.4649315,-1.2008259,1
0,326.0002,268.9996,1.8348007,1.2348105,1.2348105,0.01,1.2313687,1.2313688,2.9166028,-1.9307227,1
0,326.9999,193.99992,1.0,1.0637922,1.0637922,0.01,1.4212558,1.4212557,1.7802356,-1.2128139,1
0,326.9999,249.00023,1.2684174,1.1755568,1.1755568,0.01,1.4198204,1.4198207,3.1050375,-1.4349818,1
0,326.99997,315.99997,1.0,0.9796599,0.9796599,0.01,1.2755162,1.2755162,2.3441114,-1.2286876,1
0,327.00003,130.00018,1.0,1.1469064,1.1469064,0.01,1.5839243,1.5839239,2.4221082,-1.1923089,1
0,327.00003,301.99985,1.0,1.0344468,1.0344468,0.01,1.3684081,1.368408,2.468115,-1.2189257,1
0,327.00006,84.00005,1.0,1.0427837,1.0427837,0.01,1.3831929,1.3831925,2.467812,-1.2172514,1
0,327.00006,149.00026,1.0204849,1.186358,1.186358,0.01,1.6473141,1.647314,2.5273912,-1.2001189,1
0,327.00015,237.99983,1.0,1.0655293,1.0655293,0.01,1.4244558,1.4244556,2.6449971,-1.212433,1
0,327.00018,173.00015,1.0,1.1340536,1.1340536,0.01,1.557446,1.5574458,2.517327,-1.1957747,1
0,328.0,335.00003,1.0,1.030464,1.030464,0.01,1.3614073,1.3614074,2.6187057,-1.2197081,1
0,328.0002,206.00018,1.0553207,1.1169236,1.1169236,0.01,1.4726049,1.4726045,2.7421849,-1.2527984,1
0,328.0003,63.00018,1.2619934,1.1977314,1.1977314,0.01,1.4663877,1.4663877,2.3786373,-1.4206668,1
0,328.00037,327.00055,2.2465897,1.2260604,1.2260604,0.01,1.0826101,1.0826101,4.145064,-2.314229,1
0,328.0004,94.99994,1.3084335,1.1863989,1.1863989,0.01,1.413231,1.4132309,3.1257968,-1.4681966,1
0,328.99973,47.999767,1.1052399,1.11005,1.11005,0.01,1.4182352,1.418235,3.340618,-1.3021504,1
0,328.99997,104.00024,1.0,1.1326017,1.1326017,0.01,1.5544863,1.5544863,2.6169908,-1.1961596,1
0,329.0004,161.0002,1.327774,1.1996841,1.1996841,0.01,1.4254066,1.4254068,2.5611901,-1.4808993,1
0,329.99994,39.00018,1.4836884,1.0736893,1.0736893,0.01,1.1314728,1.1314731,4.2342467,-1.6752548,1
0,335.99973,171.99988,1.1115417,1.1750121,1.1750121,0.01,1.5387042,1.538704,2.6101694,-1.2886014,1
0,335.99982,27.999846,1.0278473,1.138188,1.138188,0.01,1.5392258,1.5392258,2.311649,-1.2209777,1
0,335.99988,236.99973,1.2537613,1.1223601,1.1223601,0.01,1.3338203,1.3338207,3.3856204,-1.4396152,1
0,336.00027,183.0,1.0,1.1350596,1.1350596,0.01,1.5595,1.5595,2.4382708,-1.1955072,1
0,336.9998,292.9999,1.0,1.1721021,1.1721021,0.01,1.6373103,1.6373107,2.4114082,-1.1852219,1
0,336.99985,16.000008,1.0,1.1787283,1.1787283,0.01,1.6516827,1.651682,2.3785267,-1.1832956,1
0,336.99985,61.000072,1.0,1.1023225,1.1023225,0.01,1.4941887,1.494189,2.6487722,-1.2038785,1
0,336.99988,84.000145,1.0111618,1.1520249,1.1520249,0.01,1.583554,1.5835543,2.883837,-1.2014024,1
0,336.99988,259.0002,1.0,1.1830738,1.1830738,0.01,1.661184,1.6611836,2.183346,-1.1820188,1
0,336.99994,325.00012,1.0,1.1317711,1.1317711,0.01,1.5527958,1.5527956,2.7749825,-1.1963793,1
0,337.0,73.00026,1.0,1.049281,1.049281,0.01,1.3948398,1.3948402,2.4280336,-1.2159123,1
0,337.0,116.99993,1.0,1.0537298,1.0537298,0.01,1.402879,1.4028794,2.4527888,-1.2149782,1
0,337.00003,151.00018,1.0,1.1157266,1.1157266,0.01,1.5205487,1.5205486,2.2017756,-1.2005353,1
0,337.00003,203.99986,1.0,1.111886,1.111886,0.01,1.5129423,1.5129428,2.8089652,-1.2015053,1
0,337.00015,97.0003,1.0425186,1.1897116,1.1897116,0.01,1.6326557,1.6326556,2.3135011,-1.2195919,1
0,337.00015,213.99973,1.0,1.084844,1.084844,0.01,1.4605907,1.4605907,2.6076934,-1.2080576,1
0,337.00015,303.99976,1.2422333,1.2124133,1.2124133,0.01,1.5095581,1.509558,2.5908065,-1.3967333,1
0,337.00024,268.9999,1.0,1.1545444,1.1545444,0.01,1.599899,1.5998993,2.2493074,-1.1902009,1
0,337.9999,126.00018,1.0,1.1260759,1.1260759,0.01,1.5412613,1.5412617,2.381252,-1.1978735,1
0,337.99997,158.99997,1.0,1.1201285,1.1201285,0.01,1.5293198,1.52932,2.5965667,-1.1994116,1
0,338.00015,50.00008,1.0,1.2078599,1.2078599,0.01,1.71655,1.7165502,2.4176776,-1.1745336,1
0,338.0002,38.99984,1.21344,1.1678094,1.1678094,0.01,1.4440287,1.4440287,2.5908184,-1.3863332,1
0,338.00024,247.00008,1.0,1.107902,1.107902,0.01,1.505098,1.5050981,2.6301136,-1.2025013,1
0,338.00027,281.0,1.0,1.1055605,1.1055605,0.01,1.5005089,1.5005087,2.1277869,-1.2030818,1
0,338.99982,136.99997,1.0,1.1786889,1.1786889,0.01,1.6515965,1.6515967,2.5735202,-1.1833072,1
0,339.00006,104.99982,1.0,1.1444948,1.1444948,0.01,1.5789171,1.5789176,2.5390465,-1.192967,1
0,339.00018,193.00018,1.113617,1.1908598,1.1908598,0.01,1.5693579,1.569358,2.381909,-1.2853341,1
0,340.00027,313.99988,1.0512161,1.1433605,1.1433605,0.01,1.5281136,1.5281137,2.5267189,-1.2415863,1
0,342.00012,334.00015,1.0,1.1347438,1.1347438,0.01,1.5588547,1.5588547,2.3726468,-1.1955912,1
0,343.00015,229.00006,1.0,1.1427301,1.1427301,0.01,1.5752653,1.5752655,1.9441355,-1.1934464,1
0,354.0,142.0,1.0,0.18589465,0.18589465,0.01,1.4383644,1.4383645,0.65837324,-1.25,1
